epoch,timestamp,lr,train_loss,train_psnr,train_ssim,train_lpips,train_uiqm,val_loss,val_psnr,val_ssim,val_lpips,val_uiqm,train_time_s,data_time_s,val_time_s,epoch_time_s,cumulative_time_s,train_imgs_per_s,gpu_peak_mem_mb,is_best
1,2026-10-07T18:15:09,0.0001,0.5387471676542518,6.916360708383413,0.031145171620524846,1.320260845697843,2.5121558,0.42109956232349527,6.975947428285406,0.04225024589326944,1.2703088240677052,2.9184008,259.9659060999984,62.593330599949695,108.79312680009753,368.760209799977,368.760209799977,2.7388206810708566,6159.5615234375,1
2,2026-10-07T18:19:38,0.0001,0.2762869199675121,7.011444727579753,0.0401168144825432,1.2861662838194106,2.584618,0.40933639815684114,6.925576590420155,0.05124970132045532,1.19704983743389,2.9151034,173.15459789999295,62.89936980046332,95.00845329998992,268.1642032000236,636.9244130000006,4.111932392411677,3484.271484375,0
3,2026-10-07T18:23:51,0.0001,0.21650449998593063,6.826644420623779,0.04023169566478048,1.2377846922193254,1.4455006,0.4148624023694671,6.938046128562327,0.04302480138754577,1.164451142375389,1.3690915,155.89437410002574,64.09793960046954,97.52129079995211,253.4167728999164,890.341185899917,4.567194962039894,3484.271484375,0
4,2026-10-07T18:27:54,0.0001,0.20050814831524752,6.72409200668335,0.04147663774589697,1.1535708904266357,0.47260132,0.4180804370494371,6.882595458727204,0.04259071252151821,1.1118899061438743,1.3614049,146.2030905999709,64.60496960044838,97.03166590002365,243.23592000000644,1133.5771058999235,4.869938091446486,3484.271484375,0
5,2026-10-07T18:32:27,0.0001,0.18493767852863569,6.65572542614407,0.03910645470023155,1.0811997254689534,0.25339922,0.4281737482949589,7.006745284862733,0.035205357090643284,1.1658869821034121,0.3996265,176.59205570002086,64.10554360004608,96.52875539998058,273.1220192000037,1406.6991250999272,4.031891452747361,3484.271484375,1
6,2026-10-07T18:36:52,0.0001,0.17319689875238398,6.399882018566132,0.040880016051232815,1.0662991106510162,0.20703755,0.41636166545782194,6.994560134544801,0.041964978774946725,0.9565132320596931,0.39309555,166.95729370007757,65.06488760048524,97.23939370003063,264.19782020000275,1670.89694529993,4.264563615166392,3484.271484375,0
7,2026-10-07T18:42:07,0.0001,0.15958479549107926,7.072339791517991,0.042393925957954846,1.0146024777339056,0.1972634,0.42699213644092004,7.024500187863125,0.03587551044530413,1.0429095096802443,0.59544253,218.03423380001914,64.29819490062073,96.72001659998205,314.7554699999746,1985.6524152999045,3.265542238899264,3484.271484375,1
8,2026-10-07T18:46:30,0.0001,0.14996791697954864,6.811009407043457,0.040881166234612465,0.9665376543998718,0.2719026,0.4281736063153556,6.976671090286769,0.03745184872257576,1.0516516171144636,0.68424904,167.37226919992827,64.65781599993352,96.27122220001183,263.6447579000378,2249.2971731999423,4.253990242251583,3484.271484375,0
9,2026-10-07T18:50:53,0.0001,0.13955247870991738,6.924945414066315,0.04167554201558232,1.042839728295803,0.4751902,0.41643853937641956,6.9829913150058704,0.04061404414726107,1.0172190579135767,1.014414,166.06655789993238,64.1980266001774,96.51165880006738,262.57937759999186,2511.876550799934,4.28743757324719,3484.271484375,0
10,2026-10-07T18:54:56,0.0001,0.13548396134309554,6.983319441477458,0.037377333268523216,1.040659636259079,0.7683099,0.42742961176325767,7.087612687871697,0.034001513708675844,1.132366296950351,1.1940969,146.18441849993542,64.18419299949892,96.86408059997484,243.04958370001987,2754.926134499954,4.870560127448293,3484.271484375,1
11,2026-10-07T19:00:22,0.0001,0.12992008231329114,6.902247428894043,0.0356396058840411,1.096415911402021,0.7135324,0.42366151327497503,7.04718950893102,0.037497294250499,1.0029725077446927,0.5434278,228.57220209995285,64.62624219991267,97.21397179993801,325.7880491000833,3080.7141836000374,3.1149894582922553,3484.271484375,0
12,2026-10-07T19:04:55,0.0001,0.12371893135014544,6.849836031595866,0.037386673192183174,1.0296248528692458,0.71348125,0.4350790334551522,7.040077080887355,0.030902948104933405,0.9999165776070584,0.35365123,176.56928840000182,64.39041820017155,96.38985829998273,272.960368799977,3353.6745524000144,4.032411335243239,3484.271484375,0
13,2026-10-07T19:10:11,0.0001,0.11836238305890158,7.059066992539626,0.038096293520468935,1.0520552809421833,0.8590317,0.41649228736255944,7.055152534099108,0.0386308448368244,1.0492116427153684,1.6089584,218.847355099977,64.69756210001651,97.00262980000116,315.85123659996316,3669.5257889999775,3.2534092069549296,3484.271484375,0
14,2026-10-07T19:14:03,0.0001,0.10977142454867952,6.809726333618164,0.036756431311368944,1.0875806212425232,1.3519347,0.44426213154632055,7.0977595575739825,0.03024138468370009,1.134244459398677,0.42766133,135.23744910000823,64.12427740020212,96.66526000003796,231.90400810004212,3901.4297971000196,5.264813886525435,3484.271484375,1
15,2026-10-07T19:18:16,0.0001,0.11375483267762687,6.925311633518764,0.03523312562278339,1.0277966260910034,0.8627385,0.4291513542111,7.089943725071596,0.032447972282599866,0.9907293902354294,1.1319329,157.0807191999629,64.76707279996481,96.41547809995245,253.49798310000915,4154.927780200029,4.532701426542539,3484.271484375,0
16,2026-10-07T19:22:18,0.0001,0.10703366115856706,6.817452748616536,0.03523740110297998,1.0235146780808766,1.0159558,0.4194259663646141,6.988680459140392,0.037032749587565326,0.9059085778975755,1.4696922,145.7842805000255,64.50218460033648,96.39478370000143,242.18015490006655,4397.107935100095,4.8839284836328805,3484.271484375,0
17,2026-10-07T19:27:02,0.0001,0.09851556555943543,7.009389448165893,0.03692902307957411,1.0302058279514312,1.3347728,0.4149074460683244,7.039285284749577,0.04104854459508082,1.2068600601024841,2.427548,187.1553780999966,63.88355190027505,96.64112939999904,283.7976419000188,4680.905577000114,3.8043256209264817,3484.271484375,0
18,2026-10-07T19:31:25,0.0001,0.09925843080442943,6.915909111499786,0.033091537887230515,1.0648377314209938,1.4583272,0.4504826738593284,7.032275735662225,0.029242437165439797,0.9768819567862521,0.5068885,166.09136760002002,63.95188300020527,97.30540289997589,263.3980150000425,4944.303592000157,4.286797142369452,3484.271484375,0
19,2026-10-07T19:36:29,0.0001,0.0903119288719772,6.907512307167053,0.0336368785550197,1.047598659992218,1.396675,0.4105046619190259,7.1292510729157526,0.042096446864725495,0.858497539263093,0.7650354,207.44855339999776,64.23416580096819,96.40531409997493,303.85511290002614,5248.158704900183,3.4321762592730023,3484.271484375,1
20,2026-10-07T19:41:45,0.0001,0.09772620094793566,6.855366193331205,0.033942157545915015,1.0483150069530194,1.8299835,0.4273972692114584,6.910914431796985,0.03420017448285322,0.8906070496259111,0.80115277,218.5256829999853,64.57238099968527,96.87268810009118,315.4003479999956,5563.559052900178,3.258198259469794,3484.271484375,0
21,2026-10-07T19:46:18,0.0001,0.09282505972666687,6.774036990271674,0.03506137182315191,0.9836893942621019,1.2594132,0.43403893575239716,6.906763859009475,0.031186302475045235,0.9208300468626986,0.5444372,176.41496089997236,64.22056210006122,97.11885480000637,273.53493329999037,5837.093986200169,4.035938881644542,3484.271484375,0
22,2026-10-07T19:50:52,0.0001,0.09184636610947298,7.09260892868042,0.040081331299410924,0.9867742392751906,1.8058856,0.4261985963649964,7.060781537816766,0.038299332843737655,1.0174258210685816,2.162232,177.04350199992768,64.34950910008047,96.43587260006461,273.4805302999448,6110.5745165001135,4.021610462722833,3484.271484375,0
23,2026-10-07T19:56:06,0.0001,0.0880313277495711,6.971656946035532,0.0379130717080373,0.9811279361064618,1.2879548,0.4285599689805106,6.913529063878435,0.04145968270100904,0.9134170888515001,1.758926,217.70542809995823,64.14122279977892,96.9859922999749,314.6927271001041,6425.267243600218,3.270474265221762,3484.271484375,0
24,2026-10-07T20:00:48,0.0001,0.09322305048784513,7.098557806015014,0.036584256961941716,0.9923648774623871,2.0180392,0.4294710018661585,6.926495659217406,0.037706413212117186,0.8674207189109888,1.3392978,186.51579350000247,64.9609269000357,94.90709879994392,281.4241095999023,6706.69135320012,3.817371101069736,3484.271484375,0
25,2026-10-07T20:04:57,0.0001,0.09960214366738716,6.776564598083496,0.03382421870316778,1.0069086721965246,1.4179846,0.430757877532016,6.943030828840278,0.03554867254046912,0.8599534329403652,0.45907867,154.03887180006132,63.25746670097578,94.66642759996466,248.7066921000369,6955.398045300157,4.6222099115615345,3484.271484375,0
26,2026-10-07T20:09:15,5e-05,0.08773571164922768,7.025474727153778,0.03619930753484368,1.0280486568808556,1.8152838,0.42279322093792177,6.927426836463843,0.042154092383518645,0.8948077392042353,1.7567617,163.33214519999456,63.17420629982371,94.75035979994573,258.08367319998797,7213.481718500145,4.359215383647724,3484.271484375,0
27,2026-10-07T20:13:54,5e-05,0.08335087703687422,6.750645589828491,0.035275692492723464,0.9580911993980408,1.9970404,0.4317767405777835,6.764423354288166,0.03734443642282754,0.8989748633309697,2.0350845,184.33853740000632,63.226789599866606,94.97487729997374,279.31465529999696,7492.796373800142,3.8624587676693567,3484.271484375,0
28,2026-10-07T20:18:33,5e-05,0.08621215205011742,6.70536241531372,0.03687943965196609,0.9494476199150086,1.2157876,0.42494445302513206,6.809991257913997,0.04368591183022167,0.9648651835623752,2.0801542,183.3883460999932,62.88319820014294,95.57196249999106,278.9614256999921,7771.757799500134,3.8824713518697593,3484.271484375,0
29,2026-10-07T20:23:11,5e-05,0.08438859750213248,6.839138460159302,0.03759445510804653,0.981510066986084,1.8890108,0.43506155924850637,6.8737037690837735,0.033987556406286326,0.8408229230494981,0.766754,183.49483179999515,62.98190849937964,94.81267789995763,278.3087433000328,8050.066542800167,3.88021827653469,3484.271484375,0
30,2026-10-07T20:28:11,5e-05,0.08135809598678953,6.716575503349304,0.03773857684185108,0.9514653484026591,1.8660527,0.43997369120629987,6.818448666776164,0.036973706750052696,0.9085989165841863,1.8784935,204.10122010007035,63.09026140009519,95.99497899995185,300.0972750999499,8350.163817900117,3.4884651823781754,3484.271484375,0
31,2026-10-07T20:33:28,5e-05,0.08395691952678595,6.924583068260779,0.037795233038755566,1.01552853675989,2.124515,0.42722158552555556,6.817150174901727,0.04453258961439133,0.9513885593146421,2.4644716,219.28262419998646,65.04096290026791,97.47352460003458,316.7573384999996,8666.921156400116,3.246951292185621,3484.271484375,0
32,2026-10-07T20:37:32,2.5e-05,0.08110532599888491,6.577853282292684,0.03573630936443806,0.9132444560527802,1.399127,0.4315509936782751,6.782060596380341,0.03741217752018671,0.9111997974052858,2.2152247,146.6387684000656,64.69372500071768,96.75954870006535,243.3993944999529,8910.320550900069,4.855469039793719,3484.271484375,0
33,2026-10-07T20:42:38,2.5e-05,0.07777304482761394,6.987560391426086,0.04040382274736961,0.9434745460748672,1.7383019,0.42714627807059985,6.850722109333852,0.04087275948919607,0.8975964061329874,2.3414083,208.25764910003636,64.76575750054326,97.83069979993161,306.0898191999877,9216.410370100057,3.4188420116948093,3484.271484375,0
34,2026-10-07T20:47:33,2.5e-05,0.07327798636776678,6.673463734713468,0.036254059354012665,0.9324276664040305,2.1458325,0.42906924044148304,6.83488460069292,0.03991292559363869,0.8709532993563106,2.400084,198.4397270999616,64.57785300095566,96.98791039991193,295.4287756999256,9511.839145799982,3.587991227388348,3484.271484375,0
35,2026-10-07T20:52:40,2.5e-05,0.07860791649711266,6.915952761967977,0.04071230829382936,0.9460646063089371,1.9636116,0.4264293755038401,6.842500450905789,0.04328140499216787,0.9689228815978832,2.676457,209.83425509999506,65.36400150076952,96.80813750007655,306.64363999990746,9818.48278579989,3.3931542762677207,3484.271484375,0
36,2026-10-07T20:57:24,2.5e-05,0.07676055462340291,6.9004480838775635,0.03878538571298122,0.9433147490024567,1.771862,0.4345442056655884,6.790753509221452,0.03837675021521831,0.9373132794090872,2.2809536,187.42830879997928,64.41181090055034,97.10080330003984,284.5302146000322,10103.013000399922,3.7987858107380985,3484.271484375,0
37,2026-10-07T21:02:30,2.5e-05,0.0774597128790416,6.832131862640381,0.04201799724251032,0.9899981220563253,2.2156765,0.4407561267359873,6.728582125031546,0.039736199245024265,0.9985557138250115,2.1949935,208.89946739992592,64.49715690047015,96.83710330002941,305.7376645000186,10408.75066489994,3.408338033897029,3484.271484375,0
38,2026-10-07T21:07:16,1.25e-05,0.0747993958046597,6.789254951477051,0.041037310659885404,0.9711465477943421,2.4950862,0.43769807494088503,6.756409795096751,0.03833338798264439,0.8738336650173316,1.8491966,188.57374599995092,64.72428020043299,97.24431410001125,285.8193113000598,10694.5699762,3.775711174556533,3484.271484375,0
39,2026-10-07T21:12:21,1.25e-05,0.07679643825198827,6.719913482666016,0.03974239186694225,0.9727802276611328,1.9489623,0.43713678067989564,6.738640844152215,0.037106458516268245,0.8880467897050837,2.0475101,207.97316679998767,64.36038689990528,96.96699730004184,304.9412646999117,10999.511240899912,3.423518576724592,3484.271484375,0
40,2026-10-07T21:16:45,1.25e-05,0.07607361812437519,6.641692399978638,0.03894243878312409,0.9760306105017662,2.2559927,0.4365293283141061,6.726800639977616,0.03948245603549347,0.9289425752136145,2.185337,167.87054650008213,64.71155879937578,96.76311930001248,264.63476340007037,11264.146004299982,4.241363448469214,3484.271484375,0
41,2026-10-07T21:21:51,1.25e-05,0.07481726313407501,6.705786943435669,0.03785118895272414,0.9508276383082072,1.838539,0.43353988079542527,6.821653655405795,0.04046390783251001,0.8829350176821934,2.6393237,208.35003759991378,64.17983509984333,97.44294730003458,305.79407649999484,11569.940080799977,3.4173259971626453,3484.271484375,0
42,2026-10-07T21:26:04,1.25e-05,0.07906485980983531,7.041822501591274,0.04240116051265171,0.9649462699890137,1.8945853,0.4359686448332969,6.744987803898501,0.03915923473875174,0.8890701639518309,2.3223376,156.40701060008723,64.3901967999991,96.7858675000025,253.1940726999892,11823.134153499966,4.552225614876645,3484.271484375,0
43,2026-10-07T21:30:26,1.25e-05,0.0766051806760638,6.720232546329498,0.04070015624165535,0.9601894840598106,2.0405712,0.43365071663695776,6.778124434224675,0.03881612876325511,0.858623175808553,2.207675,167.07739290001336,64.07451869943179,94.4272833999712,261.50585029996,12084.640003799926,4.261498145509686,3484.271484375,0
44,2026-10-07T21:35:14,6.25e-06,0.07927393913269043,6.791085416620428,0.04025559736923738,0.953658483245156,2.3416286,0.4345181497295251,6.760757451646783,0.03917260296391637,0.8866087760818139,2.3100429,192.96136680000927,61.49807289952878,94.85588150005788,287.8184099999489,12372.458413799875,3.6898577772717442,3484.271484375,0
45,2026-10-07T21:40:20,6.25e-06,0.07444141842843441,6.788098665384146,0.03962347341271547,0.9582231732515188,2.0787098,0.43667490763610667,6.679082741898097,0.03845322044210488,0.8845840504999911,2.1909828,211.99563999997918,61.384153101127595,94.3027291999897,306.2994350999361,12678.757848899812,3.3585596383023253,3484.271484375,0
46,2026-10-07T21:45:18,6.25e-06,0.0793424401055561,6.494688590367635,0.04096286650747061,0.9841965685288111,2.3263159,0.43875180737356123,6.670712229910861,0.0388162001088429,0.8777493700552522,2.1041415,203.21333469997626,61.69126299978234,94.54437670006882,297.7589767999016,12976.516825699713,3.503707082269947,3484.271484375,0
47,2026-10-07T21:49:35,6.25e-06,0.08045245430777583,6.695020794868469,0.038953565526753664,0.9678290262818336,2.127087,0.44120006614856505,6.692047703132201,0.03631453555119171,0.8822146814860655,1.6911665,162.02540879999287,61.58474869874772,95.01211820007302,257.03865359991323,13233.555479299626,4.394372495482519,3484.271484375,0
48,2026-10-07T21:54:33,6.25e-06,0.07534095674250903,6.627602696418762,0.04252066152791182,0.9599596907695135,2.1746275,0.43206579363747927,6.7661723394072455,0.04249942068303569,0.9211856836683294,2.635572,203.33975739998277,61.752980599878356,94.86545300006401,298.2063565000426,13531.761835799669,3.501528717767912,3484.271484375,0
49,2026-10-07T21:58:50,6.25e-06,0.07088955728274383,6.555482864379883,0.038816940039396286,0.9794834703207016,2.2075405,0.43516868419861526,6.702128688940841,0.039811858258555446,0.8789338014099035,2.2849662,161.6896088999929,61.439183800132014,95.06395549990702,256.75493589998223,13788.516771699651,4.403498807646824,3484.271484375,0
50,2026-10-07T22:02:55,3.125e-06,0.07885129779074969,6.4951340811593195,0.039774804775203974,0.9843771798270089,2.2411246,0.43122274018405526,6.801235563299629,0.042899785751707095,0.9376491589492626,2.6145372,151.37691620003898,61.45898150000721,94.21476110001095,245.59292450000066,14034.109696199652,4.703491244722666,3484.271484375,0
51,2026-10-07T22:06:32,3.125e-06,0.07177066664849774,6.781091094017029,0.040930669754743576,0.972463071346283,2.0928142,0.4357774867100662,6.763755573315567,0.040016619969954655,0.9097397086325656,2.468331,121.70851439994294,61.55383529991377,95.13633100001607,216.84603199991398,14250.955728199566,5.850042649114233,3484.271484375,0
52,2026-10-07T22:10:48,3.125e-06,0.08302242999498764,6.8040611743927,0.04027308942750096,0.9963424503803253,2.3037903,0.4364158149515645,6.747565601648909,0.03978124043244994,0.9142603726869218,2.5049381,161.4420548999915,61.3763087001862,94.28916669997852,255.73239410005044,14506.688122299616,4.410251098705741,3484.271484375,0
53,2026-10-07T22:14:45,3.125e-06,0.08278383260195175,6.509094476699829,0.038972784454623856,0.9809114734331766,2.3031518,0.4328625677676683,6.722856114419659,0.04185850043477637,0.9038378254751142,2.5549123,141.6389526000712,61.71854560065549,95.05404309998266,236.694164799992,14743.382287099608,5.026865752180393,3484.271484375,0
54,2026-10-07T22:18:40,3.125e-06,0.06778046913612425,6.378060658772786,0.03720513296624025,1.0109179019927979,2.3352582,0.4340890592403626,6.747729488972867,0.04084133457266883,0.9004788894331857,2.3682284,141.29232619993854,61.428328299778514,94.33412250003312,235.6275570000289,14979.009844099637,5.039197946196102,3484.271484375,0
55,2026-10-07T22:22:57,3.125e-06,0.07306792980499482,6.66595858335495,0.041802451480180025,0.9841270744800568,2.188618,0.43646193354317314,6.737530740459314,0.039674337534757145,0.899269157581115,2.4815319,161.97173410002142,61.308780500199646,94.80304370005615,256.77597209997475,15235.785816199612,4.39582871638778,3484.271484375,0
56,2026-10-07T22:27:14,1.5625e-06,0.07210275723358218,6.774942874908447,0.038870828691869974,0.9546321630477905,2.143142,0.43487085519212015,6.7360983912864425,0.041406212228067805,0.9106848333658797,2.5490618,161.32043020008132,61.37039559998084,95.13011540006846,256.45166229992174,15492.237478499534,4.413576129923072,3484.271484375,0
57,2026-10-07T22:31:57,1.5625e-06,0.07766060355339158,6.708037900924682,0.03895111121237278,0.9416910171508789,2.0806355,0.43755713875374097,6.746303901243746,0.039942148821742345,0.9006916766756037,2.5692532,186.36245550005697,62.86869559972547,96.69314549991395,283.05670899990946,15775.294187499443,3.82051201294556,3484.271484375,0
58,2026-10-07T22:36:27,1.5625e-06,0.07486086502001527,6.7173040178087025,0.042254671454429626,0.9595863885349698,2.0952535,0.4374135819713721,6.718911594219422,0.03975709866774216,0.9084798874480001,2.3836632,174.93377400003374,62.7116328002885,95.2980261000339,270.2328807999147,16045.527068299358,4.070111698383999,3484.271484375,0
59,2026-10-07T22:41:03,1.5625e-06,0.07982429221607326,6.482205820083618,0.03967097140848637,0.9797117292881012,2.2234614,0.4379772430055597,6.724677085876465,0.03901063906175367,0.901216324795498,2.428589,181.7621533999918,61.15016069961712,94.2026169000892,275.9660748000024,16321.49314309936,3.9172071120501597,3484.271484375,0
60,2026-10-07T22:45:30,1.5625e-06,0.07473646627550715,6.675652186075847,0.038484165651930705,0.9689452979299757,2.3987176,0.4410846769140008,6.677475436349933,0.03826296760627393,0.8929740203900284,2.2427988,172.53440789994784,61.47650139941834,94.61787459999323,267.15333529992495,16588.646478399285,4.126713092572738,3484.271484375,0
61,2026-10-07T22:50:28,1.5625e-06,0.08154734232452478,6.7880527178446455,0.0377792539075017,0.9700320810079575,2.0977125,0.4391816412464956,6.713492157753934,0.03911471316653691,0.894410509071993,2.4084127,202.41929430002347,61.299701100215316,95.07241190003697,297.49296000006143,16886.139438399347,3.517451251186965,3484.271484375,0
62,2026-10-07T22:54:24,1e-06,0.0748601182667392,6.633930206298828,0.03883499838411808,0.9669424394766489,2.1199815,0.4390974118468467,6.695455535074299,0.03866631993919276,0.8905056815468864,2.3429024,141.72213479992934,61.219131199410185,94.72283680003602,236.44610869989265,17122.58554709924,5.0239152903330035,3484.271484375,0
63,2026-10-07T22:59:10,1e-06,0.07451365595118384,6.593230464241722,0.039632635191082954,0.9516056017442183,2.0199132,0.4386947898382551,6.7174545834573465,0.03915492688002211,0.9024534158492357,2.376357,191.41277389996685,61.02572270075325,94.435824999935,285.8497894000029,17408.435336499242,3.7197099519183308,3484.271484375,0
64,2026-10-07T23:03:46,1e-06,0.07082061281197527,6.781122446060181,0.04209062978625298,0.9550485968589782,2.1220214,0.4391152537270878,6.703372896387336,0.03916125970610072,0.8917164836037025,2.2836018,181.9854265000904,61.280199399683625,94.14245419995859,276.12902980006766,17684.56436629931,3.912401194387103,3484.271484375,0
65,2026-10-07T23:07:32,1e-06,0.07708933530898576,6.463109302520752,0.03950992971658707,0.9741345047950745,2.2684674,0.4404038733310914,6.711197263739082,0.03809788048769651,0.8886446912636917,2.342759,131.19573430006858,61.46048550005071,94.99834459996782,226.19529139995575,17910.759657699266,5.42700571629506,3484.271484375,0
66,2026-10-07T23:11:08,1e-06,0.07325175119919723,6.599409341812134,0.03606056096032262,0.9684116691350937,2.1775458,0.4377443977956022,6.739438732018631,0.03969974627488115,0.8948447389549083,2.4753268,121.29142530006357,61.156789399450645,94.33036769996397,215.62297090003267,18126.3826285993,5.870159396994297,3484.271484375,0
67,2026-10-07T23:15:23,1e-06,0.06953161808379581,6.641109347343445,0.04120843205600977,0.965325765311718,2.122446,0.438018237606863,6.6930612714103095,0.03953203324521525,0.8915080448214927,2.2999809,161.3969236999983,61.34089640039019,94.20202259998769,255.60026229999494,18381.982890899293,4.411484331160195,3484.271484375,0
68,2026-10-07T23:19:49,1e-06,0.07515335535065512,6.554161389668782,0.03918474126193258,0.9769882824685838,2.2706623,0.4392568730236439,6.713785873370224,0.03856273020586271,0.8881420606977484,2.3861308,171.59798060008325,61.23110270104371,94.14166510000359,265.7408928000368,18647.72378369933,4.149232977626629,3484.271484375,0
69,2026-10-07T23:23:55,1e-06,0.07204306703270151,6.895211969103132,0.0386140804205622,0.9598752430507115,2.2733455,0.43796262848243284,6.715530690182461,0.03937281919329354,0.8873491581906093,2.3598034,150.96112540003378,61.04737930058036,95.01578140002675,245.97799369995482,18893.701777399285,4.716446026175694,3484.271484375,0
70,2026-10-07T23:28:42,1e-06,0.07357349665312285,6.770331252704967,0.0405895547433333,0.9630046920342878,2.0636683,0.43772522251257734,6.71956680597884,0.03932078412911865,0.8879856601190032,2.3444638,192.06241780007258,61.41237530007493,94.67784809996374,286.7414619999472,19180.443239399232,3.7071281729940346,3484.271484375,0
71,2026-10-07T23:32:49,1e-06,0.07416648758847393,6.493087155478341,0.03646775973694665,0.9376216105052403,1.8947083,0.4393151965034142,6.7028257391426,0.038677608343155194,0.8917608569177349,2.3161995,152.46605729998555,61.787508899811655,94.80949100002181,247.2766003999859,19427.719839799218,4.669891860580482,3484.271484375,0
72,2026-10-07T23:37:16,1e-06,0.0741967408593451,6.67948235405816,0.03808505336443583,0.9468250539567735,1.9232246,0.43698333622364516,6.7177818973412675,0.040092267012328243,0.9067823438162215,2.477537,172.1372757999925,61.33879689965397,94.36386270006187,266.50217079999857,19694.222010599216,4.136233693086196,3484.271484375,0
73,2026-10-07T23:41:43,1e-06,0.07077013722129083,6.554499626159668,0.04059470693270365,0.9624588489532471,1.9249003,0.4388769476601247,6.715555201755481,0.038814564518044506,0.8979432629735282,2.3166823,172.06181919993833,61.22609210025985,94.90629610000178,266.9693862000713,19961.191396799288,4.13804761167058,3484.271484375,0
74,2026-10-07T23:45:49,1e-06,0.07912320735749234,6.590586730412075,0.036127308915768354,0.974382323878152,2.2978635,0.43783003426669687,6.702600886312763,0.04029292027267178,0.9155142119761264,2.4059556,150.9309025000548,60.94038280064706,94.92553410003893,245.85764479998033,20207.049041599268,4.717390462829449,3484.271484375,0
75,2026-10-07T23:50:15,1e-06,0.07773307175113914,6.437966028849284,0.040540350394116506,0.9926470584339566,2.1356966,0.4381857728690244,6.727473778671094,0.03895166474446822,0.9038212091735239,2.3081875,171.78600089997053,61.38744390103966,94.25198060006369,266.0391340000788,20473.088175599347,4.144691629526851,3484.271484375,0
76,2026-10-07T23:54:52,1e-06,0.07319327895895819,6.572621011734009,0.040011920407414435,0.9626377046108245,2.2390008,0.43467093049810174,6.765936219290401,0.041461683181899314,0.9076570660880442,2.5559182,182.58691970002837,61.45311589969788,95.128549200017,277.716598500032,20750.80477409938,3.8995126330502927,3484.271484375,0
77,2026-10-07T23:59:59,1e-06,0.07351257974344692,6.498270805065449,0.03871217083472472,0.9663533705931443,2.1949868,0.4392126530743717,6.7079759019144465,0.03907732313938355,0.8952011586575026,2.4154778,212.4340415999759,61.163285800023004,94.44997409998905,306.88507409999147,21057.68984819937,3.351628555562353,3484.271484375,0
78,2026-10-08T00:04:47,1e-06,0.07195156810574987,6.400330413471568,0.03734847835519097,0.9731493917378512,2.1495314,0.44001390558950015,6.70532256565737,0.03865817264559564,0.8918289723021261,2.2003362,193.01639650005382,61.52550099988002,94.55454230005853,287.572114199982,21345.261962399352,3.688805784952065,3484.271484375,0
79,2026-10-08T00:09:44,1e-06,0.07239055237994435,6.680220007896423,0.03783179416010777,0.9623269736766815,1.8668197,0.43650408273332575,6.71721857049492,0.039813490354278114,0.9062596947959299,2.4894161,202.48191440000664,61.64485399937257,94.57631719997153,297.05941790004726,21642.3213802994,3.51636343477784,3484.271484375,0
80,2026-10-08T00:14:01,1e-06,0.0754194851504283,6.686384916305542,0.0416971598751843,0.9780825152993202,2.2844052,0.43770476539483233,6.7461797628509865,0.03982587744680683,0.8982557995935504,2.4590042,162.49780040001497,61.67630879918579,94.3647362999618,256.8636928999331,21899.185073199333,4.3815977708454845,3484.271484375,0
81,2026-10-08T00:18:38,1e-06,0.07130423828624607,6.695059776306152,0.03815238941460848,0.9639605462551117,1.8162588,0.4391401108731045,6.716930282249879,0.03883385850807254,0.8953873789712284,2.4133403,182.37901289993897,61.50311400007922,95.19715779996477,277.57736140000634,22176.76243459934,3.9039579646734577,3484.271484375,0
82,2026-10-08T00:23:36,1e-06,0.07765546210863616,6.637936909993489,0.03599289214859406,0.9735425810019175,2.1289365,0.44008398123001785,6.676779880952299,0.03813727957646498,0.8955865134014173,2.2473764,203.1005408000201,61.500560600310564,94.42481469991617,297.52637940004934,22474.28881399939,3.5056529007525397,3484.271484375,0
83,2026-10-08T00:28:03,1e-06,0.0696472790971231,6.736454486846924,0.03715216865142187,0.9730821847915649,2.0881526,0.4369594340913751,6.721133869685484,0.04027591959646579,0.8983503432756059,2.4511657,172.4691637000069,61.44113740022294,95.12740450003184,267.59772940003313,22741.88654339942,4.128274206967535,3484.271484375,0
84,2026-10-08T00:32:30,1e-06,0.07673788941308354,6.778512901730007,0.04054611341820823,0.9653217262691922,2.1222506,0.4394729117329201,6.710427568199929,0.03912451126602259,0.8986486343855269,2.2981393,171.47391269996297,61.41776250035036,95.00687160005327,266.4819945000345,23008.368537899456,4.1522351055569855,3484.271484375,0
85,2026-10-08T00:36:57,1e-06,0.07125873842768454,6.719804286956787,0.03365804937978586,0.9544381300608317,2.0667424,0.4372518692123756,6.75046651283007,0.03904101880413763,0.9004927043164714,2.5944455,171.96441060001962,61.44507190014701,95.13479989999905,267.1004073000513,23275.468945199507,4.140391593328433,3484.271484375,0
86,2026-10-08T00:42:04,1e-06,0.08242193781090586,6.6858900143549995,0.03922189514224346,0.9720751368082486,2.1272154,0.4395187356498804,6.680563315916597,0.03892165849382958,0.8897226399250244,2.291902,211.92437260004226,61.185458499589004,95.31032080005389,307.2360430000117,23582.70498819952,3.3596890780643416,3484.271484375,0
87,2026-10-08T00:46:31,1e-06,0.07648967828057456,6.755116939544678,0.03952499644623862,0.9622450470924377,2.248031,0.43966132469391556,6.699170509081208,0.038598904867520496,0.9060737684871374,2.2897458,171.89655850001145,61.39493199950084,94.45513799996115,266.35278359998483,23849.057771799504,4.142025914962995,3484.271484375,0
88,2026-10-08T00:52:28,1e-06,0.06947028009074457,6.5803031126658125,0.037323132157325745,0.9640916552808549,1.9815774,0.4408593954664938,6.692379447851288,0.03756670783577341,0.8806360290291604,2.1087701,262.7506269000005,61.43365369935054,94.43386789993383,357.18558609997854,24206.243357899482,2.709793724948858,3484.271484375,0
89,2026-10-08T00:57:16,1e-06,0.07716054532132792,6.75193114714189,0.04071600227193399,0.9711022214456038,2.109377,0.43987059593200684,6.702250314562508,0.03842313068636348,0.8808742868766356,2.2763705,193.07117340003606,61.60379479965195,95.07538930000737,288.1485047999304,24494.391862699413,3.687759220920895,3484.271484375,0
90,2026-10-08T01:02:13,1e-06,0.06724147486050477,6.590598305066426,0.04065518515805403,0.9546748548746109,1.9078503,0.4395924311005667,6.70895108748018,0.03856300863991963,0.8870861885252963,2.4624472,202.3014498000266,61.39441119891126,94.40486379992217,296.7075264999876,24791.0993891994,3.519500234446201,3484.271484375,0
91,2026-10-08T01:06:59,1e-06,0.0801834287017249,6.817729689858177,0.03830085897987539,0.9509994658556852,2.0549848,0.4373792932274636,6.749253015839652,0.04013984637816301,0.8992598445227976,2.5043654,191.71786730003078,61.28802420059219,94.42655990005005,286.14568499999586,25077.245074199396,3.7137905299444447,3484.271484375,0
92,2026-10-08T01:11:56,1e-06,0.07505621532961894,6.9265603224436445,0.04293052634845177,0.9662713209788004,2.207276,0.43709882189718524,6.715216341983067,0.04022506779331839,0.9008096242218875,2.5089226,201.93975259992294,61.257342299912125,94.74539130006451,296.6867518000072,25373.931825999403,3.525804062019395,3484.271484375,0
93,2026-10-08T01:16:12,1e-06,0.08174785766541288,6.520753800868988,0.03728197515010834,0.958845853805542,2.094134,0.44012958012270126,6.71104121476077,0.03862188279293896,0.8837608514207133,2.37127,162.19899349997286,61.34137450007256,94.22783400001936,256.42792180005927,25630.359747799463,4.389669655996473,3484.271484375,0
94,2026-10-08T01:20:08,1e-06,0.07866840704940678,6.801954030990601,0.04170612804591656,0.9536421497662863,1.9151479,0.44050331397003,6.706817005457503,0.03890462332729543,0.8897764662678322,2.422559,141.24460239999462,61.37402900040615,94.28641860000789,235.53218770003878,25865.8919354995,5.040900593027031,3484.271484375,0
95,2026-10-08T01:25:14,1e-06,0.071144224761912,6.662106807415302,0.039408400368232,0.9590539015256442,2.1683326,0.44178276651361015,6.695134843333384,0.037352560506610386,0.8908083787125148,2.2007813,212.11713280004915,61.26151800015941,94.45607060007751,306.57447089999914,26172.4664063995,3.3566359803249,3484.271484375,0
96,2026-10-08T01:29:01,1e-06,0.06832447710834193,6.6829451560974125,0.04233765676617622,0.963927400112152,2.2056298,0.44337503695755864,6.696246575773432,0.036429576617613264,0.8756128616547316,2.157231,131.16001460002735,61.30936700035818,95.17268880002666,226.33388930000365,26398.800295699504,5.428483689722397,3484.271484375,0
97,2026-10-08T01:33:28,1e-06,0.07352466328760211,6.453317112392849,0.03735180406106843,0.9637604554494222,2.0512896,0.44080096885059655,6.704516437616241,0.03812626397676682,0.8915397089518858,2.334589,172.62748490006197,61.556512400042266,95.15076640003826,267.7794734000927,26666.579769099597,4.124488058272952,3484.271484375,0
98,2026-10-08T01:38:16,1e-06,0.07236473643210496,6.724477421153676,0.04063081978396936,0.9674008705399253,2.1381366,0.44128720144207556,6.699918457631314,0.038093820339843126,0.8962254035338927,2.2876267,193.01227810001,61.52543970022816,94.45155070000328,287.46499660005793,26954.044765699655,3.688884494856201,3484.271484375,0
99,2026-10-08T01:42:33,1e-06,0.07937810766730416,6.868379354476929,0.04125586478039622,0.9527784138917923,2.031041,0.4411572686741861,6.690175447571144,0.03819009259845434,0.8989100295506166,2.2676167,161.78256840002723,61.32726869976614,95.1795425999444,256.96336560009513,27211.00813129975,4.400968578020672,3484.271484375,0
100,2026-10-08T01:47:10,1e-06,0.07776580097969998,6.706618690490723,0.04160221330821514,0.9658486485481262,2.0475438,0.44072386990772205,6.675263994195488,0.03832917497231719,0.8954243164383964,2.3037171,182.3896104999585,61.228639699402265,94.67164910002612,277.06255879998207,27488.070690099732,3.9037311283701763,3484.271484375,0
