split,file
train,341_img_.png
train,556_img_.png
train,728_img_.png
train,865_img_.png
train,5818.png
train,12336.png
train,735_img_.png
train,393_img_.png
train,666_img_.png
train,285_img_.png
train,591_img_.png
train,210_img_.png
train,412_img_.png
train,43_img_.png
train,910_img_.png
train,492_img_.png
train,57_img_.png
train,872_img_.png
train,423_img_.png
train,12900.png
train,2546.png
train,857_img_.png
train,241_img_.png
train,82_img_.png
train,385_img_.png
train,466_img_.png
train,704_img_.png
train,771_img_.png
train,674_img_.png
train,615_img_.png
train,609_img_.png
train,44_img_.png
train,142_img_.png
train,403_img_.png
train,394_img_.png
train,435_img_.png
train,257_img_.png
train,25_img_.png
train,924_img_.png
train,401_img_.png
train,562_img_.png
train,436_img_.png
train,2_img_.png
train,260_img_.png
train,783_img_.png
train,356_img_.png
train,77_img_.png
train,80_img_.png
train,442_img_.png
train,213_img_.png
train,488_img_.png
train,476_img_.png
train,692_img_.png
train,104_img_.png
train,246_img_.png
train,215_img_.png
train,444_img_.png
train,296_img_.png
train,367_img_.png
train,39_img_.png
train,2787.png
train,586_img_.png
train,652_img_.png
train,741_img_.png
train,189_img_.png
train,204_img_.png
train,157_img_.png
train,573_img_.png
train,594_img_.png
train,111_img_.png
train,846_img_.png
train,248_img_.png
train,323_img_.png
train,245_img_.png
train,538_img_.png
train,445_img_.png
train,94_img_.png
train,590_img_.png
train,125_img_.png
train,78_img_.png
train,745_img_.png
train,205_img_.png
train,37_img_.png
train,3_img_.png
train,12445.png
train,838_img_.png
train,206_img_.png
train,612_img_.png
train,6872.png
train,437_img_.png
train,55_img_.png
train,1957.png
train,19_img_.png
train,808_img_.png
train,372_img_.png
train,491_img_.png
train,9896.png
train,547_img_.png
train,569_img_.png
train,812_img_.png
train,229_img_.png
train,593_img_.png
train,546_img_.png
train,15094.png
train,371_img_.png
train,89_img_.png
train,560_img_.png
train,660_img_.png
train,9947.png
train,3001.png
train,326_img_.png
train,570_img_.png
train,791_img_.png
train,811_img_.png
train,140_img_.png
train,871_img_.png
train,376_img_.png
train,193_img_.png
train,499_img_.png
train,713_img_.png
train,672_img_.png
train,682_img_.png
train,363_img_.png
train,277_img_.png
train,862_img_.png
train,12422.png
train,696_img_.png
train,194_img_.png
train,116_img_.png
train,497_img_.png
train,879_img_.png
train,172_img_.png
train,185_img_.png
train,418_img_.png
train,18_img_.png
train,563.png
train,23_img_.png
train,324_img_.png
train,211_img_.png
train,129_img_.png
train,159_img_.png
train,651.png
train,495_img_.png
train,909_img_.png
train,59_img_.png
train,551_img_.png
train,858_img_.png
train,230_img_.png
train,662_img_.png
train,860_img_.png
train,429_img_.png
train,542_img_.png
train,806_img_.png
train,222_img_.png
train,575_img_.png
train,345_img_.png
train,273_img_.png
train,221_img_.png
train,588_img_.png
train,382_img_.png
train,9547.png
train,632_img_.png
train,425_img_.png
train,279_img_.png
train,603_img_.png
train,532_img_.png
train,348_img_.png
train,217_img_.png
train,272_img_.png
train,833_img_.png
train,837.png
train,517_img_.png
train,633_img_.png
train,3202.png
train,220_img_.png
train,149_img_.png
train,4070.png
train,552_img_.png
train,722_img_.png
train,461_img_.png
train,407_img_.png
train,46_img_.png
train,533_img_.png
train,52_img_.png
train,655_img_.png
train,410_img_.png
train,794_img_.png
train,338_img_.png
train,327_img_.png
train,751_img_.png
train,589_img_.png
train,828_img_.png
train,559.png
train,198_img_.png
train,169_img_.png
train,364_img_.png
train,265_img_.png
train,91_img_.png
train,322_img_.png
train,378_img_.png
train,926_img_.png
train,227_img_.png
train,851_img_.png
train,244_img_.png
train,630_img_.png
train,760_img_.png
train,489_img_.png
train,487_img_.png
train,56_img_.png
train,365_img_.png
train,564_img_.png
train,20.png
train,62_img_.png
train,11052.png
train,732_img_.png
train,817_img_.png
train,675_img_.png
train,472_img_.png
train,320_img_.png
train,395_img_.png
train,923_img_.png
train,470_img_.png
train,464_img_.png
train,12348.png
train,9557.png
train,642_img_.png
train,270_img_.png
train,16_img_.png
train,405_img_.png
train,502_img_.png
train,9567.png
train,186_img_.png
train,528_img_.png
train,756_img_.png
train,247_img_.png
train,707_img_.png
train,597_img_.png
train,183_img_.png
train,614_img_.png
train,748_img_.png
train,262_img_.png
train,678_img_.png
train,428_img_.png
train,471_img_.png
train,859_img_.png
train,202_img_.png
train,518_img_.png
train,505_img_.png
train,446_img_.png
train,409_img_.png
train,646_img_.png
train,276_img_.png
train,469_img_.png
train,557_img_.png
train,447_img_.png
train,163_img_.png
train,109_img_.png
train,2774.png
train,162_img_.png
train,485_img_.png
train,479_img_.png
train,802_img_.png
train,190_img_.png
train,15544.png
train,452_img_.png
train,384_img_.png
train,274_img_.png
train,351_img_.png
train,63_img_.png
train,24_img_.png
train,13_img_.png
train,408_img_.png
train,911_img_.png
train,417_img_.png
train,576_img_.png
train,252_img_.png
train,113_img_.png
train,508_img_.png
train,477_img_.png
train,254_img_.png
train,224_img_.png
train,829_img_.png
train,711_img_.png
train,8_img_.png
train,596_img_.png
train,782_img_.png
train,366_img_.png
train,258_img_.png
train,496_img_.png
train,11374.png
train,343_img_.png
train,15418.png
train,715_img_.png
train,420_img_.png
train,51_img_.png
train,12433.png
train,90_img_.png
train,102_img_.png
train,353_img_.png
train,595_img_.png
train,42_img_.png
train,347_img_.png
train,290_img_.png
train,849_img_.png
train,618_img_.png
train,781_img_.png
train,3947.png
train,15003.png
train,785_img_.png
train,650_img_.png
train,10139.png
train,115_img_.png
train,87_img_.png
train,493_img_.png
train,725_img_.png
train,571_img_.png
train,135_img_.png
train,11_img_.png
train,636_img_.png
train,767_img_.png
train,535_img_.png
train,734_img_.png
train,762_img_.png
train,319_img_.png
train,716_img_.png
train,504_img_.png
train,392_img_.png
train,419_img_.png
train,895_img_.png
train,861_img_.png
train,890_img_.png
train,177_img_.png
train,835_img_.png
train,355_img_.png
train,342_img_.png
train,901_img_.png
train,179_img_.png
train,188_img_.png
train,887_img_.png
train,203_img_.png
train,176_img_.png
train,374_img_.png
train,107_img_.png
train,377_img_.png
train,842_img_.png
train,656_img_.png
train,360_img_.png
train,448_img_.png
train,834_img_.png
train,917_img_.png
train,424_img_.png
train,690_img_.png
train,621_img_.png
train,5830.png
train,647_img_.png
train,153_img_.png
train,173_img_.png
train,807_img_.png
train,108_img_.png
train,1539.png
train,6082.png
train,539_img_.png
train,375_img_.png
train,200_img_.png
train,809_img_.png
train,639_img_.png
train,305_img_.png
train,635_img_.png
train,275_img_.png
train,328_img_.png
train,819_img_.png
train,598.png
train,916_img_.png
train,1573.png
train,124_img_.png
train,8046.png
train,191_img_.png
train,483_img_.png
train,301_img_.png
train,700_img_.png
train,736_img_.png
train,259_img_.png
train,15704.png
train,584_img_.png
train,626_img_.png
train,768_img_.png
train,776_img_.png
train,580_img_.png
train,558_img_.png
train,800_img_.png
train,144_img_.png
train,389_img_.png
train,677_img_.png
train,613_img_.png
train,743_img_.png
train,287_img_.png
train,3728.png
train,670_img_.png
train,225_img_.png
train,567.png
train,627_img_.png
train,680_img_.png
train,361_img_.png
train,537_img_.png
train,729_img_.png
train,468_img_.png
train,10151.png
train,831_img_.png
train,234_img_.png
train,702_img_.png
train,818_img_.png
train,281_img_.png
train,561_img_.png
train,694_img_.png
train,685_img_.png
train,238_img_.png
train,303_img_.png
train,927_img_.png
train,11064.png
train,611_img_.png
train,139_img_.png
train,889_img_.png
train,620_img_.png
train,524_img_.png
train,15426.png
train,317_img_.png
train,832_img_.png
train,695_img_.png
train,255_img_.png
train,788_img_.png
train,209_img_.png
train,914_img_.png
train,775_img_.png
train,684_img_.png
train,868_img_.png
train,316_img_.png
train,180_img_.png
train,415_img_.png
train,482_img_.png
train,1491.png
train,171_img_.png
train,141_img_.png
train,549_img_.png
train,48_img_.png
train,810_img_.png
train,432_img_.png
train,509_img_.png
train,891_img_.png
train,168_img_.png
train,2629.png
train,486_img_.png
train,687_img_.png
train,31.png
train,555_img_.png
train,648_img_.png
train,640_img_.png
train,201_img_.png
train,724_img_.png
train,282_img_.png
train,737_img_.png
train,350_img_.png
train,304_img_.png
train,58_img_.png
train,703_img_.png
train,406_img_.png
train,820_img_.png
train,150_img_.png
train,821_img_.png
train,146_img_.png
train,7027.png
train,151_img_.png
train,106_img_.png
train,915_img_.png
train,759_img_.png
train,29_img_.png
train,625_img_.png
train,658_img_.png
train,114_img_.png
train,413_img_.png
train,813_img_.png
train,295_img_.png
train,315_img_.png
train,192_img_.png
train,534_img_.png
train,592_img_.png
train,516_img_.png
train,8262.png
train,919_img_.png
train,799_img_.png
train,386_img_.png
train,271_img_.png
train,843_img_.png
train,815_img_.png
train,501_img_.png
train,67_img_.png
train,601_img_.png
train,9907.png
train,236_img_.png
train,61_img_.png
train,557.png
train,72_img_.png
train,199_img_.png
train,196_img_.png
train,6062.png
train,15113.png
train,566_img_.png
train,15_img_.png
train,881_img_.png
train,814_img_.png
train,307_img_.png
train,145_img_.png
train,306_img_.png
train,381_img_.png
train,441_img_.png
train,770_img_.png
train,11398.png
train,568_img_.png
train,4.png
train,673_img_.png
train,100_img_.png
train,604_img_.png
train,610_img_.png
train,231_img_.png
train,451_img_.png
train,7916.png
train,920_img_.png
train,841.png
train,7643.png
train,9_img_.png
train,373_img_.png
train,697_img_.png
train,178_img_.png
train,583_img_.png
train,251_img_.png
train,579_img_.png
train,96_img_.png
train,101_img_.png
train,854_img_.png
train,228_img_.png
train,512_img_.png
train,873_img_.png
train,99_img_.png
train,905_img_.png
train,710_img_.png
train,845_img_.png
train,878_img_.png
train,752_img_.png
train,187_img_.png
train,789_img_.png
train,10945.png
train,623_img_.png
train,3196.png
train,602_img_.png
train,550_img_.png
train,787_img_.png
train,45_img_.png
train,463_img_.png
train,15001.png
train,668_img_.png
train,906_img_.png
train,750_img_.png
train,908_img_.png
train,699_img_.png
train,223_img_.png
train,182_img_.png
train,136_img_.png
train,165_img_.png
train,572_img_.png
train,585_img_.png
train,207_img_.png
train,827_img_.png
train,86_img_.png
train,478_img_.png
train,653_img_.png
train,506_img_.png
train,654_img_.png
train,330_img_.png
train,60_img_.png
train,921_img_.png
train,314_img_.png
train,97_img_.png
train,3330.png
train,212_img_.png
train,53_img_.png
train,712_img_.png
train,473_img_.png
train,578_img_.png
train,726_img_.png
train,280_img_.png
train,391_img_.png
train,786_img_.png
train,637_img_.png
train,27_img_.png
train,15045.png
train,337_img_.png
train,480_img_.png
train,3925.png
train,929_img_.png
train,299_img_.png
train,143_img_.png
train,400_img_.png
train,756.png
train,288_img_.png
train,628_img_.png
train,758.png
train,70_img_.png
train,340_img_.png
train,458_img_.png
train,543_img_.png
train,233_img_.png
train,98_img_.png
train,795_img_.png
train,606_img_.png
train,243_img_.png
train,852_img_.png
train,681_img_.png
train,152_img_.png
train,718_img_.png
train,753_img_.png
train,918_img_.png
train,336_img_.png
train,740_img_.png
train,278_img_.png
train,433_img_.png
train,449_img_.png
train,232_img_.png
train,443_img_.png
train,705_img_.png
train,536_img_.png
train,904_img_.png
train,892_img_.png
train,1742.png
train,925_img_.png
train,156_img_.png
train,3650.png
train,837_img_.png
train,298_img_.png
train,731_img_.png
train,133_img_.png
train,15136.png
train,772_img_.png
train,263_img_.png
train,649_img_.png
train,440_img_.png
train,689_img_.png
train,6_img_.png
train,369_img_.png
train,622_img_.png
train,155_img_.png
train,457_img_.png
train,195_img_.png
train,608_img_.png
train,540_img_.png
train,796_img_.png
train,130_img_.png
train,875_img_.png
train,332_img_.png
train,6788.png
train,41_img_.png
train,438_img_.png
train,170_img_.png
train,459_img_.png
train,1660.png
train,95_img_.png
train,411_img_.png
train,8288.png
train,284_img_.png
train,226_img_.png
train,912_img_.png
train,416_img_.png
train,92_img_.png
train,766_img_.png
train,22_img_.png
train,874_img_.png
train,822_img_.png
train,105_img_.png
train,877_img_.png
train,35.png
train,659_img_.png
train,531_img_.png
train,28_img_.png
train,498_img_.png
train,9554.png
train,76_img_.png
train,720_img_.png
train,784_img_.png
train,2701.png
train,631_img_.png
train,120_img_.png
train,676_img_.png
train,582_img_.png
train,300_img_.png
train,2882.png
train,166_img_.png
train,12290.png
train,122_img_.png
train,4_img_.png
train,65_img_.png
train,161_img_.png
train,616_img_.png
train,804_img_.png
train,747_img_.png
train,174_img_.png
train,8010.png
train,208_img_.png
train,293_img_.png
train,312_img_.png
train,346_img_.png
train,8056.png
train,118_img_.png
train,184_img_.png
train,709_img_.png
val,240_img_.png
val,7654.png
val,727_img_.png
val,779_img_.png
val,12299.png
val,663_img_.png
val,744_img_.png
val,844_img_.png
val,49_img_.png
val,567_img_.png
val,876_img_.png
val,503_img_.png
val,757_img_.png
val,9900.png
val,154_img_.png
val,657_img_.png
val,242_img_.png
val,467_img_.png
val,793_img_.png
val,798_img_.png
val,574_img_.png
val,455_img_.png
val,439_img_.png
val,730_img_.png
val,302_img_.png
val,773_img_.png
val,515_img_.png
val,634_img_.png
val,266_img_.png
val,5554.png
val,175_img_.png
val,1407.png
val,763_img_.png
val,797_img_.png
val,510_img_.png
val,554_img_.png
val,847_img_.png
val,619_img_.png
val,387_img_.png
val,253_img_.png
val,160_img_.png
val,422_img_.png
val,928_img_.png
val,706_img_.png
val,563_img_.png
val,896_img_.png
val,454_img_.png
val,138_img_.png
val,577_img_.png
val,683_img_.png
val,513_img_.png
val,661_img_.png
val,922_img_.png
val,6820.png
val,318_img_.png
val,617_img_.png
val,701_img_.png
val,893_img_.png
val,848_img_.png
val,869_img_.png
val,453_img_.png
val,638_img_.png
val,1225.png
val,527_img_.png
val,462_img_.png
val,148_img_.png
val,749_img_.png
val,629_img_.png
val,708_img_.png
val,541_img_.png
val,370_img_.png
val,10909.png
val,112_img_.png
val,544_img_.png
val,790_img_.png
val,10_img_.png
val,334_img_.png
val,545_img_.png
val,465_img_.png
val,526_img_.png
val,14_img_.png
val,404_img_.png
val,866_img_.png
val,2977.png
val,26_img_.png
val,313_img_.png
val,7_img_.png
val,607_img_.png
val,507_img_.png
test,490_img_.png
test,164_img_.png
test,359_img_.png
test,530_img_.png
test,79_img_.png
test,863_img_.png
test,867_img_.png
test,823_img_.png
test,311_img_.png
test,362_img_.png
test,856_img_.png
test,890.png
test,850_img_.png
test,651_img_.png
test,777_img_.png
test,691_img_.png
test,598_img_.png
test,380_img_.png
test,765_img_.png
test,137_img_.png
test,778_img_.png
test,123_img_.png
test,450_img_.png
test,686_img_.png
test,484_img_.png
test,74_img_.png
test,511_img_.png
test,723_img_.png
test,816_img_.png
test,325_img_.png
test,197_img_.png
test,421_img_.png
test,292_img_.png
test,30_img_.png
test,605_img_.png
test,587_img_.png
test,216_img_.png
test,645_img_.png
test,679_img_.png
test,599_img_.png
test,581_img_.png
test,219_img_.png
test,754_img_.png
test,738_img_.png
test,519_img_.png
test,600_img_.png
test,803_img_.png
test,383_img_.png
test,17_img_.png
test,64_img_.png
test,50_img_.png
test,769_img_.png
test,460_img_.png
test,539.png
test,481_img_.png
test,913_img_.png
test,261_img_.png
test,121_img_.png
test,780_img_.png
test,719_img_.png
test,73_img_.png
test,721_img_.png
test,880_img_.png
test,402_img_.png
test,267_img_.png
test,3015.png
test,733_img_.png
test,746_img_.png
test,117_img_.png
test,494_img_.png
test,294_img_.png
test,268_img_.png
test,841_img_.png
test,641_img_.png
test,214_img_.png
test,12324.png
test,131_img_.png
test,32_img_.png
test,764_img_.png
test,758_img_.png
test,855_img_.png
test,379_img_.png
test,907_img_.png
test,714_img_.png
test,792_img_.png
test,158_img_.png
test,2677.png
test,698_img_.png
test,688_img_.png
