epoch,timestamp,lr_G,lr_D,train_loss,train_psnr,train_ssim,train_lpips,train_uiqm,val_loss,val_psnr,val_ssim,val_lpips,val_uiqm,train_loss_D,train_loss_adv,train_loss_l1,train_loss_ssim,train_time_s,data_time_s,val_time_s,epoch_time_s,cumulative_time_s,train_imgs_per_s,gpu_peak_mem_mb,is_best
1,2026-10-02T10:54:27,0.0003,0.0003,3.4130546778775335,16.9258185611682,0.560483706968554,0.5070145190431831,3.3003812,2.784962131735984,17.338633055097603,0.7142551655179998,0.42372621210773337,3.3910837,3.5402437676204723,0.3982145592068019,0.2424212188533183,0.4392971878641107,24.93483360001119,0.48981910006841645,4.6484504000109155,29.58386959999916,29.58386959999916,28.55443158039284,1057.1748046875,1
2,2026-10-02T10:54:40,0.0003,0.0003,2.526178515359257,18.377452550309428,0.7400242063436615,0.3909561707732383,3.4544702,2.468316188019313,18.46926127658801,0.7616303891278384,0.36606211575229514,3.488585,2.646874786762709,0.33844851225279693,0.2012413346700454,0.2596802215897635,12.241826000012225,0.4830329999094829,0.810046800004784,13.052387600007933,42.636257200007094,58.16125796913704,779.43115234375,1
3,2026-10-02T10:54:53,0.0003,0.0003,2.4078612515095914,18.646449849846658,0.7702496828657858,0.3552290860856517,3.4818027,2.2911674601308416,18.68984878197145,0.7819746391157086,0.3392102557621645,3.4404752,2.4850372611806635,0.35308643907643433,0.19520550698376773,0.22944542196359527,12.092657499975758,0.4771959999052342,0.7982225999876391,12.891349200013792,55.527606400020886,58.87870387476263,779.43115234375,1
4,2026-10-02T10:55:06,0.0003,0.0003,2.3070279118720065,18.782353969102495,0.7874387723676274,0.31945536344238884,3.504027,2.2865634473522056,18.558932443683066,0.7977829006280792,0.30976298970452854,3.401683,2.528004379754656,0.3308117228947329,0.19135155754812647,0.21225176098641385,12.116804099990986,0.4911426000180654,0.8032031999900937,12.920510700001614,68.4481171000225,58.761369262422065,779.43115234375,0
5,2026-10-02T10:55:19,0.0003,0.0003,2.3103971668843473,18.70152314861169,0.7967579820182886,0.2935264010107919,3.5209968,2.578436181786355,18.294582045480105,0.7983499798881873,0.29243144694339024,3.521423,2.446810293733404,0.3529897591706072,0.19265971776474727,0.2029297947883606,12.256945600005565,0.4969249999849126,0.8124322000076063,13.069886299985228,81.51800340000773,58.08951293703031,779.43115234375,0
6,2026-10-02T10:55:32,0.0003,0.0003,2.2750214405274125,18.693717935112087,0.8033038759499453,0.27595937218558925,3.5426862,2.2575601968872414,18.94324229808336,0.8109786738170667,0.2672132148166721,3.5490909,2.465123058704848,0.34804787779791974,0.19111744071660416,0.19638382049089068,12.157032000017352,0.49712630014983006,0.8139013999898452,12.971613000001526,94.48961640000925,58.56692653264248,779.43115234375,1
7,2026-10-02T10:55:45,0.0003,0.0003,2.2364941366602866,18.869824055875284,0.8098306488455012,0.2561236059062936,3.5499847,2.1419414094324862,18.770721392685108,0.8163286159547527,0.2566855859555555,3.4663367,2.4630618457044107,0.35056064487173316,0.1880528669009048,0.1898544772287433,12.192705900000874,0.49779920003493316,0.816783000016585,13.010071299999254,107.49968770000851,58.39556910824438,779.43115234375,0
8,2026-10-02T10:55:58,0.0003,0.0003,2.1888824058382697,19.008136663544043,0.8154120338097047,0.24220926222506534,3.5567253,2.2238163117612344,18.92250828260786,0.8266193056374453,0.23272297573223544,3.5571408,2.4948762333794927,0.3452191553758771,0.1844069000040547,0.18427164902847804,12.176307399990037,0.488858600059757,0.8350848999980371,13.011847599991597,120.5115353000001,58.47421361919481,779.17333984375,0
9,2026-10-02T10:56:11,0.0003,0.0003,2.151967619242293,19.06756518931871,0.8192971844351693,0.23191491355387012,3.567392,2.109895083341706,19.066090315915226,0.8258462996965044,0.2254869443981835,3.5051851,2.4728560407509965,0.33603513508700256,0.1821106272132209,0.18038603027215164,12.149726500007091,0.49777760001597926,0.811413999996148,12.961567699996522,133.47310299999663,58.6021421963354,779.17333984375,1
10,2026-10-02T10:56:24,0.0003,0.0003,2.1383746366822316,19.147398102149534,0.8222245085105467,0.22622693321678075,3.5677977,2.187778700603528,18.970453883824725,0.8273612367972899,0.24298172586419609,3.5394483,2.4514176336567055,0.340556109721741,0.1807782743754012,0.17745686514993733,12.159348999994108,0.4866718999692239,0.8113789999915753,12.971511500014458,146.44461450001108,58.555766431273994,779.17333984375,0
11,2026-10-02T10:56:37,0.0003,0.0003,2.1292209410935303,19.16125762596559,0.8246222627296876,0.22351046860887763,3.5731747,2.162225115165282,19.237828115398965,0.8363240086630489,0.21584884973054522,3.4942434,2.454869933342666,0.34289987268072836,0.1801628244391988,0.17506043562728368,12.167067200003657,0.5036550000077114,0.8069448999885935,12.974670600000536,159.41928510001162,58.51862148010377,779.17333984375,1
12,2026-10-02T10:56:50,0.0003,0.0003,2.09307739573918,19.331295613492472,0.8299573525953828,0.2173696140225014,3.5678265,2.2583226327146035,18.28085256426522,0.8207950203606252,0.2335827802674154,3.5243208,2.4944885888796176,0.34037272766065063,0.17764833301640628,0.16972211706504392,12.144326499983435,0.4903838000318501,0.8144102000223938,12.959212199988542,172.37849730000016,58.62819976068423,779.17333984375,0
13,2026-10-02T10:57:03,0.0003,0.0003,2.05587936117408,19.421250032574942,0.8319099069981093,0.21238665232497655,3.5744102,2.2923461386326993,18.224480275357706,0.8204578194725379,0.2309163726782531,3.495903,2.451399120052209,0.32825419273269313,0.174902828556768,0.16776845562324094,12.16978269998799,0.5113467998453416,0.813035699975444,12.983266600000206,185.36176390000037,58.5055639490344,779.17333984375,0
14,2026-10-02T10:57:16,0.0003,0.0003,2.0465959712360684,19.451065942142787,0.8345077901743772,0.20776550722925852,3.5793457,2.294820236356071,18.669567665357267,0.8283210068606259,0.22563775386033433,3.5013206,2.4942744247029336,0.33037352176864493,0.17438804249415238,0.16516871465725846,12.151700300019002,0.49998920009238645,0.8136923999991268,12.965845400001854,198.32760930000222,58.59262345359905,779.17333984375,0
15,2026-10-02T10:57:29,0.0003,0.0003,2.0295883336763705,19.54155079702313,0.8371278462785013,0.20293138134345579,3.579858,1.952138914151138,19.38228324290072,0.8390704989433289,0.21171591556474065,3.5373003,2.4816075911682645,0.3309948559892312,0.17299204880601904,0.16254970933614152,12.143622899980983,0.49988199991639704,0.8149862999853212,12.959063999995124,211.28667329999735,58.631596671296094,779.17333984375,1
16,2026-10-02T10:57:42,0.0003,0.0003,1.997113689947664,19.67128569356511,0.8402442778094431,0.19885954311054743,3.5884867,2.017877783668175,19.220977354585454,0.8424404069279017,0.206787195517106,3.5602474,2.443265034911338,0.3318121989121598,0.16957160997926518,0.15943340304192533,12.150352500000736,0.49404080014210194,0.8145576000097208,12.96539009999833,224.25206339999568,58.59912294725251,779.17333984375,0
17,2026-10-02T10:57:55,0.0003,0.0003,2.002572603440017,19.58507629994596,0.841294307387277,0.1968046919013677,3.5857584,2.0510287311639677,19.003104263477113,0.8424146362904752,0.21614813637197688,3.5589664,2.4820754836114607,0.3288797903596685,0.17122136826595563,0.15838106830468338,12.19517910000286,0.48616760011645965,0.8149867999891285,13.010811400017701,237.26287480001338,58.38372640216764,779.17333984375,0
18,2026-10-02T10:58:08,0.0003,0.0003,1.993233298987485,19.617708570501776,0.8426732836144694,0.19512472896093733,3.5886147,2.0331786402155845,19.50708123539271,0.8516824506641774,0.19071302588066358,3.5641317,2.468364856216345,0.3324477397993709,0.16996868808617752,0.15700157974543197,12.187814799981425,0.48976840000250377,0.8117023000086192,13.000061200000346,250.26293600001372,58.41900387271106,779.17333984375,1
19,2026-10-02T10:58:21,0.0003,0.0003,1.9466451326113068,19.859502856651048,0.8462235478872664,0.1911888744556502,3.5895157,2.2448394847719855,18.823061846615225,0.8242435562476683,0.21577640597739917,3.655526,2.4513485820105907,0.3295212383015772,0.1652534825078557,0.15344984009024804,12.189738699991722,0.5026369000552222,0.8106875999947079,13.000897399993846,263.26383340000757,58.40978363223516,779.17333984375,0
20,2026-10-02T10:58:34,0.0003,0.0003,1.93398246068633,19.900009026688135,0.848111550459701,0.18841960540648256,3.5933049,1.911754943011852,19.865255377265843,0.8486965954973457,0.19267920362815427,3.5415378,2.4732912819037276,0.3307240059536495,0.164081877536988,0.1515617725554477,12.216535500017926,0.5094706001400482,0.8083374999987427,13.025373599986779,276.28920699999435,58.281662587478685,779.17333984375,1
21,2026-10-02T10:58:47,0.0003,0.0003,1.923497534869762,20.00208012441571,0.84945965282033,0.18693761192680744,3.595643,1.9407704305113032,19.68920722704255,0.8469919502065423,0.19259838893842163,3.5075316,2.453487456514594,0.32958171960343136,0.16332554817199707,0.15021232272801774,12.21910809999099,0.49908739994862117,0.8113852000096813,13.030960600008257,289.3201676000026,58.26939201892526,779.17333984375,0
22,2026-10-02T10:59:00,0.0003,0.0003,1.8921675159690086,20.143275357364267,0.8510659611626957,0.18562958916921293,3.6006632,2.008188776755601,19.529292888855665,0.8512865385312712,0.18423999059066343,3.563422,2.4191653165924416,0.3260762277948722,0.16004000712981384,0.14860375141829588,12.191009999980452,0.48438400006853044,0.8108838999760337,13.002349299989874,302.3225168999925,58.40369255715004,779.17333984375,0
23,2026-10-02T10:59:13,0.0003,0.0003,1.8731727693857771,20.19822371407841,0.8540607697508308,0.181701073318385,3.5995371,2.0473581070310614,19.49929646695598,0.8428056099441614,0.19562814342841672,3.5446138,2.4934150864568987,0.3258376901739099,0.15864364392636868,0.14560985431242524,12.205546600016532,0.49258779993397184,0.81380239999271,13.019818500004476,315.34233539999695,58.33413474485736,779.17333984375,0
24,2026-10-02T10:59:26,0.0003,0.0003,1.8468141930826594,20.357211702325372,0.8561002752754125,0.17965450916397438,3.596627,2.0732243328951716,19.294383938392897,0.8422207772062066,0.2001486788974719,3.589476,2.4184651187296664,0.3267241939065162,0.155627074787456,0.14356682876522622,12.20941410001251,0.4946209000481758,0.8316070000000764,13.041605199978221,328.3839405999752,58.315656604625325,779.17333984375,0
25,2026-10-02T10:59:39,0.0003,0.0003,1.8282575058133415,20.42609849136867,0.8581486197000139,0.1765973609819841,3.5998213,1.9529324957493985,19.71511995122674,0.8460872360829557,0.19042378814702624,3.6444342,2.5132604556137257,0.32464527363857526,0.15415090774552206,0.14151862498079792,12.187925799982622,0.4896330999908969,0.8244892999937292,13.01317009999184,341.397110699967,58.41847182898137,779.17333984375,0
26,2026-10-02T10:59:52,0.0003,0.0003,1.8021576859977808,20.56315096308676,0.8609036066558924,0.17630096148239094,3.5999749,2.0849286170487993,19.02384151501602,0.8437385117070059,0.20710341381223013,3.5697021,2.4513214103291543,0.3240363895893097,0.15169038347313912,0.1387628698616885,12.243455599993467,0.49609739999868907,0.8387446000124328,13.082886000018334,354.47999669998535,58.15351672450872,779.17333984375,0
27,2026-10-02T11:00:05,0.00015,0.0003,1.703871305069227,21.110902186190145,0.8681731063328432,0.16712767036443346,3.6035523,2.054157321372729,19.34431241067608,0.8462465231338244,0.1924444524089942,3.596464,2.42318893148658,0.3196179833305016,0.14139701032571578,0.13149141595604713,12.22516890001134,0.4915037000318989,0.8448905000113882,13.070526199997403,367.55052289998275,58.24050414545516,779.17333984375,0
28,2026-10-02T11:00:18,0.00015,0.0003,1.658395163128885,21.424175198158522,0.8712477831358321,0.16472026555055982,3.6103458,1.9388969038309676,19.94395684660151,0.8527084810010502,0.18657447104708533,3.5800157,2.435825067959475,0.3202509361036708,0.13612973673290082,0.1284120230192549,12.243425099994056,0.5057515998778399,0.830237499991199,13.074126999999862,380.6246498999826,58.15366159264907,779.17333984375,1
29,2026-10-02T11:00:31,0.00015,0.0003,1.662474542521359,21.409490863928635,0.8709291876032111,0.16351116306326363,3.6094332,2.0979476296499873,19.49026052067789,0.8361041639628035,0.1844968760616324,3.5849729,2.4719645749317127,0.32057891585183945,0.13652909170375782,0.12873066275307302,12.228967200004263,0.506970799935516,0.8301731999963522,13.059753999987151,393.68440389996977,58.22241472687504,779.17333984375,0
30,2026-10-02T11:00:44,0.00015,0.0003,1.6281222761347052,21.61624160509431,0.8734393501549624,0.16113896835386082,3.6126919,1.904007223214996,19.858850950605415,0.8584595958838303,0.19486751683642356,3.5895286,2.4299067647269603,0.3184264238630788,0.1330046345678608,0.12622114044896673,12.194690999982413,0.5009052000532392,0.8282056000025477,13.02381620000233,406.7082200999721,58.38606324678722,779.17333984375,0
31,2026-10-02T11:00:58,0.00015,0.0003,1.6252421207642287,21.636296583025644,0.8741493265280563,0.1607278628965442,3.612883,2.074582083841388,19.651146320814497,0.8507494383983398,0.1805511455187637,3.5674245,2.442584130201447,0.32211813749222273,0.1323706651671549,0.12550977575645017,12.259153799997875,0.5067166998342145,0.8221852999995463,13.081946299993433,419.7901663999655,58.079049469150426,779.17333984375,0
32,2026-10-02T11:01:11,0.00015,0.0003,1.6034887145074566,21.796589069152148,0.8757731793971544,0.15866723171110902,3.606876,1.9212856212358795,19.67737926526016,0.8526636536201734,0.17899402046806356,3.601346,2.427790452925007,0.32155141719941344,0.1300393096851499,0.12388737683885553,12.187935900001321,0.5069742999912705,0.8089925999811385,12.99746040001628,432.7876267999818,58.41842341818706,779.17333984375,0
33,2026-10-02T11:01:24,0.00015,0.0003,1.5915247201919556,21.884605236267774,0.8765528389577115,0.15770801667417034,3.6108484,1.9542722300197302,19.59316579411539,0.8550364622909031,0.18396033706624856,3.5675564,2.408231215530567,0.3238818921734778,0.12833294364508618,0.12310407469781597,12.195095000002766,0.5059300999855623,0.8070501000038348,13.002600999985589,445.7902277999674,58.384129028911914,779.17333984375,0
34,2026-10-02T11:01:37,0.00015,0.0003,1.5944999630531569,21.88207472040412,0.876689527811629,0.1587779007098648,3.6131153,2.0352411966645314,19.591976615820037,0.8468204348274831,0.1878144900952832,3.5579648,2.4301862582731784,0.32538130025515394,0.12860226070278147,0.12296761086817538,12.169386499997927,0.49463799997465685,0.8120228000043426,12.98209649999626,458.77232429996366,58.507468720803736,779.17333984375,0
35,2026-10-02T11:01:50,7.5e-05,0.0003,1.5215957097792894,22.372983118121542,0.8823019212551331,0.14969709574171666,3.6141293,2.0524846221623796,20.008188140526247,0.8605622267455197,0.18011860231335244,3.589698,2.4242772881904346,0.32298180946473326,0.1209355972790986,0.11735490533743012,12.205973700009054,0.4970033998833969,0.8084350000135601,13.014867800025968,471.7871920999896,58.332093571483924,779.17333984375,1
36,2026-10-02T11:02:03,7.5e-05,0.0003,1.5036203124549952,22.516350199667254,0.8838252974360177,0.14857086179296622,3.6122189,2.0807104726855674,19.662936564241903,0.8587987864955088,0.17641768202687916,3.5708847,2.4020529610387396,0.32433717120229527,0.11882893565330613,0.11582686191194513,12.236313700006576,0.5031282000127248,0.8113190000003669,13.048103899986017,484.83529599997564,58.187458858595406,779.17333984375,0
37,2026-10-02T11:02:16,7.5e-05,0.0003,1.512648203399744,22.46762460001399,0.8828715795881292,0.15064775608898548,3.6097515,1.9079951329177685,19.813101307729656,0.8602003696259488,0.17139955710494117,3.5697453,2.4857789411973417,0.32405115178461824,0.11974926728211092,0.11678406093897445,12.193909499997972,0.4900801000185311,0.8229546999791637,13.017502200003946,497.8527981999796,58.3898051728298,779.17333984375,0
38,2026-10-02T11:02:29,7.5e-05,0.0003,1.4921705079882333,22.605786655726057,0.885151268391127,0.14716608738631345,3.6128092,1.8476133279586107,20.151860869332644,0.86451408702336,0.16714239706484119,3.5249069,2.371404125449363,0.3252380776606249,0.11763143757086121,0.11450412032309543,12.200455499987584,0.5011208998621441,0.8049759999848902,13.00606109999353,510.8588592999731,58.35847686184541,779.17333984375,1
39,2026-10-02T11:02:42,7.5e-05,0.0003,1.4930919194489383,22.65511649914002,0.8847232059146581,0.14825994320464939,3.6163595,1.8522746937998225,19.884136885739444,0.8629522450854269,0.1752503201198042,3.574839,2.4062034735518893,0.3310276730341858,0.1167522616098436,0.11493280295575603,12.170466599985957,0.5063711999973748,0.809131999994861,12.98006189998705,523.8389211999602,58.502276321995865,779.17333984375,0
40,2026-10-02T11:02:55,7.5e-05,0.0003,1.48219773340761,22.75979519961925,0.8859185234884198,0.1451475667149833,3.6086175,2.018031779299961,19.55496498707975,0.8497100385387292,0.18225991039463643,3.5991616,2.3534046532063,0.3331221482726965,0.11540997580865796,0.11373525121238794,12.190719300007913,0.5035649999335874,0.8101537999755237,13.001324799988652,536.8402459999488,58.40508525198655,779.17333984375,0
41,2026-10-02T11:03:08,7.5e-05,0.0003,1.4728002052628593,22.762021868416433,0.8863338908452666,0.1449880992596069,3.6151981,1.8925254157419955,19.96960035602698,0.8638427927252952,0.17388506869921525,3.559474,2.430099210042632,0.32817902759219825,0.11495281395952353,0.1133171601241894,12.191815300000599,0.5002019999956246,0.8052723000000697,12.997577700007241,549.8378236999561,58.39983484657654,779.17333984375,0
42,2026-10-02T11:03:21,7.5e-05,0.0003,1.4657444404752067,22.898409982745566,0.887058821287048,0.14430150331071254,3.6136258,1.886318046055483,19.775498143742592,0.8617449168408855,0.17447018238265863,3.5643907,2.370427504014433,0.33407402189260116,0.11341225774435515,0.11259487103880121,12.201326799986418,0.48796260001836345,0.8211459000012837,13.022957200009841,562.8607808999659,58.354309467458286,779.17333984375,0
43,2026-10-02T11:03:34,7.5e-05,0.0003,1.4566993351732747,22.93437237685986,0.8882230406396845,0.14399165593171387,3.611724,1.9005390914638391,19.762414739373025,0.8631200736828064,0.18134297380286657,3.5804844,2.4063456272811035,0.3339808265144905,0.11263339095905925,0.11142825611521688,12.174296899989713,0.504003600042779,0.8064811999793164,12.981327799992869,575.8421086999588,58.48387022667417,779.17333984375,0
44,2026-10-02T11:03:47,7.5e-05,0.0003,1.4558482437991025,22.974857094582546,0.8876525833365623,0.14258152748761552,3.6190293,1.9829355612229764,19.837697447015998,0.8590548467100336,0.17886310246553314,3.5738328,2.3734625417195008,0.33143208351697817,0.11263086805852611,0.11200002739938457,12.218726199993398,0.49243590005789883,0.8161969000066165,13.03570090001449,588.8778095999733,58.27121324646629,779.17333984375,0
45,2026-10-02T11:04:00,3.75e-05,0.0003,1.4465492829847872,23.1708058775141,0.889302263099156,0.14135051677736005,3.6126199,2.087144460570946,19.661966859624627,0.8627284671483415,0.16512959425369006,3.5926068,2.3261553129453336,0.3476328725895185,0.10969572380352556,0.11034878385200929,12.20853440000792,0.4918321000295691,0.8214051999966614,13.03055569998105,601.9083652999543,58.31985860641373,779.17333984375,0
46,2026-10-02T11:04:13,3.75e-05,0.0003,1.4376217796561424,23.25149428978395,0.8902937327877859,0.14025417698568174,3.622557,1.9427311607960904,19.984932803036124,0.8608690152007542,0.17240140042947918,3.581509,2.303859840618091,0.3536267024412584,0.10798955608284876,0.10935606246583918,12.267033999989508,0.5073346999415662,0.8159398999996483,13.083450200007064,614.9918154999614,58.04174016315672,779.17333984375,0
47,2026-10-02T11:04:26,3.75e-05,0.0003,1.480007443535194,23.20319895797901,0.8894381590103835,0.14022543574317117,3.6250699,1.9369620299071408,19.763920601834073,0.8611181452033225,0.17194284063376739,3.554534,2.167974489458491,0.3887769291909893,0.10865559387073088,0.11021378334988369,12.201821099995868,0.49605930008692667,0.8237589999916963,13.026078299997607,628.017893799959,58.35194551412011,779.17333984375,0
48,2026-10-02T11:04:39,3.75e-05,0.0003,1.559087788121084,23.16589533345083,0.884571733099691,0.14368423995342147,3.6365066,2.006805344913783,19.859815404656228,0.8532728365298068,0.17495937645435333,3.6041157,1.959747374727485,0.4523449329177985,0.10878347655695476,0.11508617508277465,12.239124399988214,0.5028228001028765,0.8157630000205245,13.055462599993916,641.0733563999529,58.17409617968142,779.17333984375,0
49,2026-10-02T11:04:52,3.75e-05,0.0003,1.5944424921207214,23.0281725036964,0.8776021211334829,0.15296649455689312,3.6475532,2.243683698472012,19.58517732513085,0.8438899885402636,0.18815662318401122,3.5995514,1.9666257735048787,0.4538436046477114,0.11063043773174286,0.12206194240055727,12.203774599998724,0.49629529993399046,0.8178475000022445,13.02242570000817,654.0957820999611,58.34260491832375,779.17333984375,0
50,2026-10-02T11:05:05,3.75e-05,0.0003,1.5884144493703092,22.814148527852605,0.8693530298350902,0.16017811284976058,3.6592436,2.1610739579361478,19.60139079576128,0.8467932832375001,0.18634844629952077,3.5862484,2.0955404659335533,0.4078073049529215,0.11280940096364932,0.13031377953090026,12.222002599999541,0.500792700011516,0.8211770000052638,13.043693599989638,667.1394756999507,58.255592254580826,779.17333984375,0
51,2026-10-02T11:05:18,1.875e-05,0.0003,1.5906998320911707,23.123922990948966,0.8725082880995246,0.1535434795731909,3.6523228,2.3326076336121293,19.270131336169296,0.8240540523207589,0.2023716661032666,3.6407077,1.954096452573712,0.44596796189801075,0.10903601005171122,0.1271599323562022,12.164831600006437,0.48803350000525825,0.8206018999917433,12.985891000018455,680.1253666999692,58.52937577858647,779.17333984375,0
52,2026-10-02T11:05:31,1.875e-05,0.0003,1.6796914312276947,23.16447877348139,0.8726943135261536,0.15316142978962888,3.6567283,2.300958431168888,19.805453439776816,0.8472274012779921,0.18224514535303865,3.5895207,1.564365511529901,0.5375155200449269,0.10875263743186264,0.12696914793400282,12.222754599992186,0.49467239997466095,0.8287334000051487,13.052098100015428,693.1774647999846,58.25200810302247,779.17333984375,0
53,2026-10-02T11:05:44,1.875e-05,0.0003,1.8135548133528634,22.983401287807506,0.8691314686550183,0.1572135214725237,3.6511145,2.593255756946092,19.371422564045766,0.8273610392313325,0.19890437501200128,3.6281762,1.2129869246750735,0.6482720935947439,0.11052575849750068,0.13053413589348953,12.203515900007915,0.508986300061224,0.8293731999874581,13.033365399984177,706.2108301999688,58.343841712005165,779.17333984375,0
54,2026-10-02T11:05:57,1.875e-05,0.0003,1.947395079591301,22.93302737461047,0.857075529821803,0.16042483338479246,3.6318405,2.73560478848018,19.531138430820423,0.8158099825462598,0.20202899900045287,3.5463314,0.9654189532392481,0.7435903281308291,0.11085767156622384,0.14260035217478034,12.165028300019912,0.48767159986891784,0.8107851000095252,12.976312499988126,719.1871426999569,58.5284293994478,779.17333984375,0
55,2026-10-02T11:06:10,1.875e-05,0.0003,2.0852656712692776,22.775847660021835,0.8457637409145913,0.1619075828053978,3.6258645,2.493213364247526,19.574374638246685,0.818185251080588,0.19368106143528155,3.562842,0.7719609559921736,0.8311965894163325,0.11319026635603958,0.15391240561946054,12.178858200000832,0.49488559979363345,0.8288953999872319,13.008316199993715,732.1954588999506,58.4619664920601,779.17333984375,0
56,2026-10-02T11:06:23,1.875e-05,0.0003,2.060904285880957,23.01291249307354,0.8550191494855988,0.15559241811880906,3.637456,2.5808474883604586,19.80850680490558,0.8338096704375878,0.18309606695443056,3.5640996,0.610876327485181,0.8565887410319253,0.1100511248694377,0.14465255549784456,12.184690900001442,0.4970315000100527,0.8188466999854427,13.00398700000369,745.1994458999543,58.43398128383509,779.17333984375,0
57,2026-10-02T11:06:36,9.375e-06,0.0003,2.085467994882819,22.988144628117592,0.8548253145110741,0.15662875361322018,3.6440012,2.4408818952153237,19.575132884336323,0.8185333120688963,0.19364920861265633,3.613307,0.6068188610036721,0.8753992094752494,0.11078741527005528,0.14485229468077757,12.205301600013627,0.4966396999079734,0.8411289000068791,13.047165800002404,758.2466116999567,58.33530570020532,779.17333984375,0
58,2026-10-02T11:06:49,9.375e-06,0.0003,2.108338811424341,22.94575356901362,0.8540649695342846,0.15757631016581247,3.6404238,2.61103038841419,19.637807095988414,0.8329021120339297,0.19080802379699235,3.536975,0.497420694720879,0.8927766064579568,0.1112453482124243,0.14561492070723114,12.18391540000448,0.5014344000956044,0.8142214000108652,12.998567600006936,771.2451792999636,58.437700576921124,779.17333984375,0
59,2026-10-02T11:07:02,9.375e-06,0.0003,2.142308157481504,22.825104681293617,0.8510796019200528,0.16050003468990326,3.6533985,2.3206160644466958,19.470703125,0.8096248748597135,0.20117505966277605,3.6157663,0.6099988451499617,0.9088041789076301,0.1125273686111643,0.14860413181647825,12.354833499994129,0.5119878000987228,0.8286533000064082,13.18394650000846,784.4291257999721,57.62926712046248,779.17333984375,0
60,2026-10-02T11:07:15,9.375e-06,0.0003,2.097891701741165,22.83636530329672,0.8506417488783933,0.1627741852000858,3.657762,2.45157832777902,19.268494723887926,0.8130940902099181,0.20100758500983207,3.6442583,0.5082483149311515,0.8663686252711864,0.11205752955728703,0.14904011970155695,12.261591099988436,0.5117491999699268,0.8342818999954034,13.09658009998384,797.5257058999559,58.0675047955784,779.17333984375,0
61,2026-10-02T11:07:28,9.375e-06,0.0003,2.158874163466893,22.70816074328476,0.8473648207910945,0.16620722320977221,3.6634238,3.12589199087593,18.946178736311666,0.7978833940591705,0.22218763644105932,3.62946,0.40336032831267027,0.9032618761732337,0.11409373656752404,0.15231871270061878,12.261498800013214,0.5149095000815578,0.8212950000015553,13.08324619999621,810.6089520999521,58.067941906028054,779.17333984375,0
62,2026-10-02T11:07:41,9.375e-06,0.0003,2.169380773319287,22.653335292687576,0.846839494919509,0.1684869455822398,3.6678295,2.7122708867105207,18.96465387237206,0.7946750648905722,0.2176300057869279,3.671498,0.4814286000942916,0.908424134669679,0.11463301360942005,0.1528418499432253,12.18463599999086,0.4906268000486307,0.8133548999903724,12.998637899989262,823.6075899999414,58.43424456836742,779.17333984375,0
63,2026-10-02T11:07:54,4.6875e-06,0.0003,2.187065770117085,22.64153559824054,0.8466152642550093,0.1685376763343811,3.6644804,2.6498077397935846,19.471919756257133,0.8223676266295187,0.19835931179898508,3.556207,0.4139150193568026,0.9273108428113916,0.11436462193057778,0.1530675305409378,12.20190410001669,0.49015900000813417,0.8148692000249866,13.01724769998691,836.6248376999283,58.351548591422386,779.17333984375,0
