epoch,timestamp,lr_G,train_loss,train_psnr,train_ssim,train_lpips,train_uiqm,val_loss,val_psnr,val_ssim,val_lpips,val_uiqm,train_loss_G,train_loss_D,train_w_dist,train_time_s,data_time_s,val_time_s,epoch_time_s,cumulative_time_s,train_imgs_per_s,gpu_peak_mem_mb,is_best
1,2026-10-01T13:53:34,0.0001,0.211959096655417,16.903468935677175,0.551619478239772,0.41904921712500326,3.3088675,0.15610601083281334,18.609763091869567,0.7189924047234353,0.31065845573216344,3.472719,0.2120125073562847,-0.003984682335193907,0.03210059817085106,55.359385799994925,0.607923000032315,6.625081200007116,61.98504870000761,61.98504870000761,12.861414369233577,5271.8388671875,1
2,2026-10-01T13:54:13,0.0001,0.14327191184745747,18.94635599114922,0.7563733451821831,0.2733068223414796,3.5535116,0.13410471203956711,19.38006242473474,0.7853941964299491,0.25520858302545013,3.563752,0.14356150461381742,-0.0011769781174305618,0.017935474183452264,38.87271340000734,0.6029069998476189,0.6997889999911422,39.57306179999432,101.55811050000193,18.316189885521744,1740.61669921875,1
3,2026-10-01T13:54:53,0.0001,0.13171746598535708,19.357442962989378,0.7949339888069067,0.2413734236125196,3.5893252,0.12822946361946255,19.570964406045636,0.8092319349224648,0.23003045059321972,3.5307415,0.1319694962729229,-0.007543072645981493,0.017232786926828073,38.837627299988526,0.6097734999784734,0.699815200001467,39.53797489999852,141.09608540000045,18.332736819898635,1740.61669921875,1
4,2026-10-01T13:55:33,0.0001,0.12495208782761284,19.636100554734135,0.8133141224303942,0.22093428755074404,3.6081197,0.1215733504864607,20.03229173381677,0.8223034706008568,0.21131267189309838,3.5500803,0.12517530328772042,-0.007030857114770105,0.017398080003730367,38.84086580001167,0.6031892000755761,0.7017114000045694,39.54300800000783,180.63909340000828,18.331208260547736,1743.61669921875,1
5,2026-10-01T13:56:13,0.0001,0.12282567931694931,19.723610224348775,0.8237963888082611,0.21235014866577107,3.603137,0.11419301580512121,20.233763834063925,0.8401107881846053,0.2048336026373874,3.5978692,0.12301479154423381,-0.009925563586875796,0.018413505527410615,38.97147779999068,0.6093304000096396,0.699791400009417,39.671835400004056,220.31092880001233,18.269771643100746,1743.61669921875,1
6,2026-10-01T13:56:53,0.0001,0.11994959740491395,19.793077918920623,0.8316229066152251,0.20768227989084265,3.5964494,0.11241391845298616,20.418608333287615,0.8466596677062217,0.1959071500917499,3.597082,0.12011059063873934,-0.009750768270217971,0.01988710727793782,39.01396229999955,0.5955817000503885,0.707218900002772,39.721707099990454,260.0326359000028,18.249876660182455,1743.61669921875,1
7,2026-10-01T13:57:33,0.0001,0.11748363906412981,19.973997759015372,0.8373004405686025,0.20121074777640655,3.610224,0.10939316635721186,20.54806527127041,0.8536218096700947,0.19187712100114715,3.579636,0.117617693426234,-0.011523567427870599,0.01963148730691899,39.039761100008036,0.6160151000512997,0.7038565000111703,39.74409480000031,299.7767307000031,18.23781652188065,1743.61669921875,1
8,2026-10-01T13:58:13,0.0001,0.11322294284453553,20.219460562373815,0.8447817061724288,0.1956273756000433,3.6097891,0.10804298654031218,20.429192703761412,0.8550200676650144,0.19304767786786797,3.6164358,0.1133009320062198,-0.01176620893483835,0.019181624439471724,39.025112200004514,0.6084026000171434,0.7073030000028666,39.73288350000803,339.50961420001113,18.244662471461584,1743.61669921875,0
9,2026-10-01T13:58:52,0.0001,0.11189805682790413,20.311348540059637,0.848031899902258,0.19289864348561575,3.6102827,0.11073659845952237,20.30786248539271,0.8570938317963247,0.1869238204835506,3.5918832,0.11192424838127715,-0.010239464926711295,0.018988249797290295,38.99617990000115,0.6027957999613136,0.7038048999966122,39.70044279999274,379.21005700000387,18.25819867037743,1743.61669921875,0
10,2026-10-01T13:59:32,0.0001,0.11115579876337159,20.333852339326665,0.8515092563093378,0.1899519358458144,3.6066802,0.10874870394387942,20.440700080957306,0.8621603839852837,0.1822914435957255,3.5887485,0.11115176892012693,-0.012382990327464897,0.019115542187198496,38.98694460000843,0.6045760001143208,0.7021392000024207,39.68956780000008,418.89962480000395,18.26252370645752,1743.61669921875,0
11,2026-10-01T14:00:12,0.0001,0.1094392291113232,20.43474578857422,0.8548344145999865,0.18796341882997683,3.6050086,0.10634048182642862,20.592085549000945,0.8649485318848257,0.18240519085626924,3.6039152,0.1093873292877433,-0.012960523790732193,0.01930136598510605,39.08650730000227,0.6293810999195557,0.7110265999945113,39.798163600004045,458.697788400008,18.21600468251505,1743.61669921875,1
12,2026-10-01T14:00:52,0.0001,0.10776190627157019,20.537651962108825,0.8583706235617734,0.18622325863061326,3.6074374,0.10831210929691122,20.427686284097394,0.8620557021558954,0.18649630449461133,3.5745003,0.10768753047404664,-0.013877128175030767,0.01908463817822297,39.07171180000296,0.6164909999788506,0.7010645000118529,39.77337809999881,498.4711665000068,18.22290263719508,1743.61669921875,0
13,2026-10-01T14:01:32,0.0001,0.1067139609308725,20.569105019730127,0.8601301781247171,0.1848886650934648,3.6090274,0.10774357415986864,20.636464151103844,0.856643820076846,0.1802182924211695,3.5523934,0.1066266753700342,-0.013345992009500774,0.019303048217899344,39.0388496999949,0.6107221999991452,0.705059900006745,39.74434240000846,538.2155089000153,18.2382423014911,1743.61669921875,1
14,2026-10-01T14:02:16,0.0001,0.10510605841540219,20.671611571579838,0.8628045240145051,0.18388811373308803,3.6054804,0.10348192066623924,20.848966727096045,0.8736345366145788,0.17374600578894775,3.5612628,0.10497675400771452,-0.013160154451040572,0.018507329066901394,42.67145039999741,1.4440081999491667,1.0969288000051165,43.769079400008195,581.9845883000235,16.685629228108994,1743.61669921875,1
15,2026-10-01T14:03:00,0.0001,0.10462451793169708,20.731917627741783,0.8643167795759908,0.18221330944071995,3.6060429,0.09704335762208767,21.404404886652916,0.8764139688416813,0.17425918336329835,3.5785275,0.10450746889194745,-0.01272532706452387,0.019474003756983896,42.71940860000905,1.3841063001164002,1.215389699995285,43.93591169999854,625.920500000022,16.666897397073264,1743.61669921875,1
16,2026-10-01T14:03:44,0.0001,0.10315562935357683,20.8447500936101,0.8670930828941003,0.17982373026649603,3.6051502,0.10136050027742814,20.977804462561448,0.8736910377995352,0.1754200408297978,3.5887702,0.10298705117756062,-0.012926679787362057,0.018780090950764296,43.31007549999049,1.6837441000388935,1.1071453000040492,44.418083199998364,670.3385832000204,16.439592676308227,1743.61669921875,0
17,2026-10-01T14:04:28,0.0001,0.1025363884949952,20.86912727355957,0.8678746919953422,0.17735604824644796,3.60897,0.10233473618713658,20.988077999500746,0.8738935844282086,0.17820355095220416,3.577629,0.10232996907127037,-0.013166069340227652,0.018633222039998246,42.5551284999965,1.362181399934343,1.101721600003657,43.65791340000578,713.9964966000261,16.731238398212298,1743.61669921875,0
18,2026-10-01T14:05:13,0.0001,0.10219586280624518,20.854423801550706,0.869393466563707,0.17881591551089554,3.6022856,0.10400064239341221,20.72371902894438,0.8746175357464994,0.17123226972108477,3.579252,0.10197222274675798,-0.01293908464565371,0.018326090920842097,43.05328519998875,1.8410216000193032,1.3718184000026667,44.42619650000415,758.4226931000303,16.537646237509097,1743.61669921875,0
19,2026-10-01T14:05:57,0.0001,0.10024599237053582,20.999400921082227,0.8719204436527209,0.1749589265732283,3.6055033,0.10015010950940378,21.031463172998322,0.8791731555810135,0.17370743614234282,3.5864036,0.1000084447559346,-0.011979868797731868,0.018365887956421696,43.18515540000226,1.6991042000590824,1.103338699991582,44.28928250000172,802.711975600032,16.487146877326342,1743.61669921875,0
20,2026-10-01T14:06:41,0.0001,0.0998810405811567,21.0175309341945,0.8728948349363348,0.175552637891823,3.60313,0.09953993927226977,21.020424874980797,0.880288851395082,0.16898044592209077,3.598115,0.09964963132410906,-0.011839999384351409,0.018648786930723138,42.899084699995,1.4291086000448558,1.097605000002659,43.997658000007505,846.7096336000395,16.597090706694797,1743.61669921875,0
21,2026-10-01T14:07:25,0.0001,0.09851242869757534,21.187222234318764,0.8741266901573438,0.17277200813038965,3.6056488,0.1038986292950223,20.7412425266223,0.8723219753651137,0.1736280952444237,3.6227355,0.09822421797205892,-0.012804200943412909,0.01820125568951114,42.60607410001103,1.358722799923271,1.171920399996452,43.77886400000716,890.4884976000467,16.711232260655898,1743.61669921875,0
22,2026-10-01T14:08:08,5e-05,0.09358180305931006,21.554102736912416,0.8805024938636952,0.17032026106052184,3.6095245,0.09843093169371733,21.152072284998518,0.8839442261149374,0.1638397890027989,3.5740693,0.0932891248317247,-0.013213947051717492,0.017389896503660116,42.57777160000114,1.3372518999967724,1.1093822999973781,43.6882603999984,934.1767580000451,16.72234063090284,1743.61669921875,0
23,2026-10-01T14:08:52,5e-05,0.0922201072399536,21.698514424013286,0.881685190656212,0.16749112425225504,3.6042495,0.09670201094632738,21.337743823447923,0.8854980535721511,0.1646001995279548,3.5552814,0.09190988063477398,-0.012229698186928636,0.016919672238023094,42.92268029999104,1.4928203000308713,1.2135505999904126,44.13709879999806,978.3138568000431,16.587966898240243,1743.61669921875,0
24,2026-10-01T14:09:37,5e-05,0.0926425928312741,21.633265570308385,0.881933453377713,0.1692014905843842,3.6085806,0.09671727647439818,21.246637537238303,0.8856806239385283,0.1638771824622422,3.5713706,0.09232614725158456,-0.012806069919462787,0.01729650544316581,42.9938070000062,1.4628057998197619,1.1052601999981562,44.099835899993195,1022.4136927000363,16.560524635557332,1743.61669921875,0
25,2026-10-01T14:10:21,5e-05,0.08973396787147843,21.953467615534752,0.8841997860522752,0.16465155118971728,3.604663,0.09645222332537844,21.318588406852122,0.8846384112754565,0.16362013910593612,3.596017,0.08938924867785379,-0.012298231531102,0.0166600796530086,43.21455930000229,1.6000128000741825,1.2285924000025261,44.44439429999329,1066.8580870000296,16.47592875024326,1743.61669921875,0
26,2026-10-01T14:11:05,5e-05,0.08912106117840564,21.955725509129213,0.8849727343977167,0.16377201785197418,3.612258,0.09845385269335147,21.186909922053307,0.8855601154016645,0.16758228101757136,3.5834703,0.08875522720679808,-0.010647118617414256,0.015827544912528455,42.59396139999444,1.3207831999607151,1.1213633999868762,43.716059099999256,1110.5741461000289,16.71598453390374,1743.61669921875,0
27,2026-10-01T14:11:48,5e-05,0.0890676939253057,21.964843878585302,0.8861345561702599,0.16255959625659364,3.6044729,0.09662553806150898,21.317318819881827,0.8849508856119734,0.16410943572775702,3.60124,0.08866983292142996,-0.011576275733623947,0.01673817584353886,42.55905019999773,1.3215920999791706,1.0981178999936674,43.65796740000951,1154.2321135000384,16.7296966603836,1743.61669921875,0
28,2026-10-01T14:12:33,2.5e-05,0.0853302955125155,22.316035688593146,0.8896722170744049,0.15822927536589376,3.6097264,0.09527812098686615,21.456167285361985,0.8868810554568687,0.16101312779643562,3.5967095,0.08496187602201205,-0.010659014717204852,0.015683994827310692,42.824113800001214,1.3366355999896768,1.1017881000007037,43.92674400001124,1198.1588575000496,16.626146738849265,1743.61669921875,1
29,2026-10-01T14:13:17,2.5e-05,0.08606540394967861,22.256819500012345,0.8889829014124495,0.15976111875491195,3.610404,0.09393139547678862,21.515723882096538,0.8885245450427023,0.16129567825727248,3.5885613,0.08568019578965862,-0.011244906656695216,0.016402096979403764,42.837087499996414,1.4968175000540214,1.0992777000064962,43.93744349999179,1242.0963010000414,16.621111320886595,1743.61669921875,1
30,2026-10-01T14:14:01,2.5e-05,0.08450192439087321,22.434865887245437,0.8903269077954667,0.15753005788232502,3.6062589,0.09239423434051235,21.678661432159082,0.890201217003083,0.1579494495572669,3.5870008,0.08409703401534745,-0.011322199597201321,0.01584187631359261,42.83964950000518,1.3680959999910556,1.1014449000067543,43.94221920000564,1286.038520200047,16.62011730511273,1743.61669921875,1
31,2026-10-01T14:14:45,2.5e-05,0.0843004918751422,22.470291266280615,0.8900029873580075,0.15715407588508692,3.6133506,0.09398275885856554,21.502218653646747,0.88928393433603,0.1592442723974753,3.5809457,0.0838790751072798,-0.010168715000801375,0.01529276982117235,42.7689406999998,1.388732900013565,1.0997950000019046,43.869725199998356,1329.9082454000454,16.64759492161103,1743.61669921875,0
32,2026-10-01T14:15:29,2.5e-05,0.083668094714371,22.536910624986284,0.8918800045934956,0.15608920776442195,3.6062107,0.09323649916253733,21.585826573746928,0.8909318199318447,0.15543679307016095,3.5775607,0.08324699392646887,-0.010713816395427069,0.0153434533165412,43.17847120000806,1.5985164999874542,1.1035815000068396,44.28280069999164,1374.191046100037,16.489699153588074,1743.61669921875,0
33,2026-10-01T14:16:13,2.5e-05,0.08434289032488726,22.43325820665681,0.8902502984143374,0.1571224337715781,3.608323,0.09297821402884601,21.60713986600383,0.8898870248473092,0.15546216079023448,3.6072655,0.08393270907442221,-0.012048332148828032,0.016813559185587957,42.86742909999157,1.6090815999923507,1.200221099992632,44.068433799999184,1418.2594799000362,16.60934688523553,1743.61669921875,0
34,2026-10-01T14:16:57,2.5e-05,0.08424193772037378,22.475120201539458,0.8910728893922956,0.1558703484662463,3.6113172,0.09250377604130948,21.59940871763765,0.8910802616162247,0.1563521246059557,3.595557,0.0838004451119498,-0.011542322400570166,0.01632276118806239,42.663501899995026,1.4055326999659883,1.108330200004275,43.7726149999944,1462.0320949000306,16.68873787409568,1743.61669921875,0
35,2026-10-01T14:17:42,2.5e-05,0.08146946718183797,22.737763136960147,0.8936973133783662,0.15357357481222475,3.6106515,0.09175339784849895,21.76855250154988,0.8910154566336214,0.15311472260215309,3.5954404,0.08103385601150856,-0.010121028710763608,0.015150290149986074,42.94947439999669,1.4166707999829669,1.3475172000034945,44.29780390000087,1506.3298988000315,16.577618467900386,1743.61669921875,1
36,2026-10-01T14:18:27,2.5e-05,0.08155497012848265,22.711037153608345,0.8936788901854097,0.15281161356173203,3.6081862,0.09146283700894774,21.770546730984464,0.8925189295511567,0.15177701899174895,3.5913734,0.08110702787055059,-0.010479521139765555,0.014955290499028195,43.622554499990656,1.8891978999745334,1.1054759999969974,44.72902559999784,1551.0589244000294,16.321831863380503,1743.61669921875,1
37,2026-10-01T14:19:12,2.5e-05,0.08066573743237539,22.851235936197003,0.8944505848241656,0.151838983628857,3.6111813,0.09165477627113963,21.777211221416344,0.8922203631883256,0.1517524410332187,3.575092,0.08020932172958771,-0.01102997544430866,0.015270237967874228,43.16296679999505,1.6271700000797864,1.1989243999996688,44.36280770000303,1595.4217321000324,16.49562235374612,1743.61669921875,1
38,2026-10-01T14:19:56,2.5e-05,0.07946110131700387,22.970428488227757,0.8957644667518273,0.14922450960017322,3.6133811,0.09360056554668406,21.677807432881902,0.8881019836061457,0.1535937212658732,3.6075165,0.07898493755734369,-0.01022255568493032,0.014226871636811267,42.83359439999913,1.3894975000584964,1.1045834999968065,43.93893849999586,1639.3606706000282,16.62246678042071,1743.61669921875,0
39,2026-10-01T14:20:39,2.5e-05,0.07981100804015492,22.94341845994585,0.8953934157832285,0.15074393303876513,3.6110792,0.09338089342365104,21.651461847712486,0.8891268332352799,0.15110279201121812,3.594692,0.07934775843881489,-0.009857791256201402,0.014884421162390978,42.75114950000716,1.4874294000910595,1.1025032000034116,43.854803599999286,1683.2154742000275,16.654522938614335,1743.61669921875,0
40,2026-10-01T14:21:24,2.5e-05,0.07964318023806208,22.92278418380223,0.8959640532397153,0.14957029029224697,3.6101382,0.09189017050051956,21.74809010109205,0.8926681708753779,0.15077958013234513,3.5810773,0.07915128064289521,-0.010475688386352712,0.014899580289473694,43.05002670000249,1.5495701999316225,1.114282299997285,44.1650762000063,1727.3805504000338,16.53889798865,1743.61669921875,0
41,2026-10-01T14:22:08,2.5e-05,0.07841508655568187,23.054014934582657,0.8974633879875868,0.14791575049081546,3.6148667,0.0920423660218046,21.758513075582098,0.8906636104155122,0.15095072147551547,3.60123,0.07792147876841299,-0.010748804728709831,0.01423196281107624,42.776179599997704,1.3687725999334361,1.1821430999989389,43.959300599992275,1771.339851000026,16.64477769305135,1743.61669921875,0
42,2026-10-01T14:22:52,2.5e-05,0.0785131851273976,23.09965626577313,0.8960239786780282,0.14758480700214258,3.6100457,0.09143243102210291,21.745541733302428,0.8933308405822582,0.14955126594626503,3.5885332,0.07805058724257384,-0.009668911749685413,0.014339175368292947,42.779292799998075,1.3966662000311771,1.2204263000021456,44.000491099999635,1815.3403421000257,16.643566393879986,1743.61669921875,0
43,2026-10-01T14:23:36,2.5e-05,0.07791759195120147,23.14740363131748,0.89723664388228,0.14688381854068028,3.6088772,0.09040048132451732,21.829853829373135,0.8946444660090329,0.14848689006620577,3.588026,0.0774408598964134,-0.010156120201101883,0.014113011947843465,43.251129299998865,1.69976340001449,1.1008004000032088,44.35272549999354,1859.6930676000193,16.461997906723298,1743.61669921875,1
44,2026-10-01T14:24:21,2.5e-05,0.07715563576542929,23.267298837726035,0.8976754104153494,0.14633331313896714,3.6130698,0.09039407771792304,21.859327894918035,0.8933847901526462,0.14824000838097562,3.588845,0.07667762823821453,-0.009615532292597246,0.013876134592495608,42.9586033999949,1.528025100051309,1.2195791999984067,44.17903070000466,1903.872098300024,16.574095609450946,1743.61669921875,1
45,2026-10-01T14:25:05,2.5e-05,0.07717271312401536,23.23358062144076,0.8976067679651668,0.14608832415235176,3.6039147,0.09160048832719246,21.758447818541796,0.8935047696145733,0.14759761312704409,3.5831282,0.07668466053986817,-0.010041564890691027,0.01358820539846849,42.87425959999382,1.3795342999655986,1.109276699993643,43.98452259998885,1947.8566209000128,16.606700772043247,1743.61669921875,0
46,2026-10-01T14:25:49,2.5e-05,0.07555410115236647,23.401065526383647,0.8995983493462038,0.14415803074501873,3.6077068,0.09180848978543549,21.826651090986275,0.8930923342704773,0.14625737690523768,3.5874882,0.07506394821606326,-0.009022440342755799,0.013484538020042892,42.620224700003746,1.2876356999768177,1.2323617999936687,43.85336340000504,1991.7099843000178,16.70568386280557,1743.61669921875,0
47,2026-10-01T14:26:33,2.5e-05,0.07610373567329363,23.358377349510622,0.8996713677149141,0.14358232747972682,3.6124895,0.09055111766531226,21.91056570846043,0.8921456819169977,0.1486318778623356,3.5997868,0.07562140467461576,-0.008859841449296081,0.013880543243349268,42.74589489999926,1.4779751999303699,1.2259381999901962,43.97266279999167,2035.6826471000095,16.656570219565396,1743.61669921875,1
48,2026-10-01T14:27:18,2.5e-05,0.07450781653771239,23.55650441030438,0.9005404543340876,0.14254964000723336,3.6122944,0.08997894857036934,21.964800631062367,0.8938083963447743,0.14573176255386866,3.5889328,0.07403579885872562,-0.009454929955261811,0.013606253467249066,43.29799040000944,1.722823700067238,1.10749740000756,44.40692590000981,2080.0895730000193,16.444181206152347,1743.61669921875,1
49,2026-10-01T14:28:02,2.5e-05,0.0739225677392456,23.61895306190748,0.9012323336654835,0.14138995328646028,3.6079907,0.0906823995742905,21.830239971032302,0.893831620055638,0.14823739716176237,3.6007972,0.07343773602434758,-0.008013696145538367,0.012772754839297091,43.54126389999874,1.6899421000271104,1.0991648000053829,44.6415946999914,2124.7311677000107,16.352304371210973,1743.61669921875,0
50,2026-10-01T14:28:47,2.5e-05,0.0740188453137205,23.58886877338538,0.9017040716128403,0.14031918187824527,3.605277,0.09094460907109668,21.79850996210334,0.8944970355944687,0.1467437336451552,3.583492,0.07355001413922631,-0.008506323068318992,0.012935488830121715,43.23231989999476,1.6760457000491442,1.1020582000055583,44.33581009999034,2169.066977800001,16.469160147940297,1743.61669921875,0
51,2026-10-01T14:29:31,2.5e-05,0.07293242986282605,23.73221438118581,0.9026498807949966,0.13846521071168813,3.6069877,0.09088191415151853,21.84454225690177,0.8931935449664512,0.14839031245936168,3.5963442,0.07243487716055988,-0.008666204903379417,0.01251923753304428,43.50680439999269,1.7897839999059215,1.2360087000124622,44.74364600000263,2213.8106238000037,16.36525618967592,1743.61669921875,0
52,2026-10-01T14:30:16,2.5e-05,0.07312915390462019,23.718441245261204,0.9019191050797366,0.13981109564558844,3.609626,0.08983144683114598,21.970988991555203,0.8964312853438131,0.1446645896923676,3.5790975,0.07265165364474394,-0.007962847073572907,0.012737182586380605,42.96754120000696,1.5859564999700524,1.1029730000009295,44.07133819999581,2257.8819619999995,16.57064798485338,1743.61669921875,1
53,2026-10-01T14:31:00,2.5e-05,0.07210165802180098,23.821742004223083,0.9032771004719681,0.1385736069485043,3.6044157,0.08975038271439209,21.96129475282819,0.8943861702854714,0.146640766035305,3.5937083,0.07159884165177184,-0.007921895729063938,0.012306553510467657,42.87934929999756,1.5952108999190386,1.101830700004939,43.982307400001446,2301.864269400001,16.60472958716378,1743.61669921875,0
54,2026-10-01T14:31:44,2.5e-05,0.07111853490887063,23.949214978164502,0.9043814238537563,0.13648952133535,3.6099095,0.08915281011147445,21.960529434546995,0.8958889359838507,0.14590254317173798,3.5972123,0.07063806027676282,-0.008730952358501179,0.011970754922106025,42.906645499999286,1.4206663999939337,1.2347735000075772,44.142186299999594,2346.0064557000005,16.594166048240986,1743.61669921875,0
55,2026-10-01T14:32:28,2.5e-05,0.07246309878785959,23.815955129902015,0.9030186373196291,0.13843294300055237,3.6115716,0.08977147283848752,21.90743808532029,0.8969171073999298,0.14398261067572604,3.5707552,0.07198009413949559,-0.00861768329547446,0.012403751859504186,43.053564200003166,1.6870374000136508,1.208741700000246,44.26323169999523,2390.2696873999957,16.537539068599287,1743.61669921875,0
56,2026-10-01T14:33:12,2.5e-05,0.07103233131464948,23.945547875393643,0.90493240919006,0.13689574482065908,3.6085024,0.0913572319772806,21.717089106527606,0.8951336634293031,0.1476836536037788,3.5932126,0.07054101667377387,-0.008499632510382766,0.012210417162166552,42.84067419999337,1.465716999999131,1.1061082999949576,43.94758490000095,2434.2172722999967,16.619719770892637,1743.61669921875,0
57,2026-10-01T14:33:56,2.5e-05,0.07060046682364485,24.00773316286923,0.9053020684906606,0.13551645089736145,3.6080801,0.08924359731962171,21.942230760381463,0.896232759014944,0.14521860289439725,3.57689,0.07012520784909805,-0.008094773394332969,0.011796555324886621,42.899920299998485,1.3601755000563571,1.1016583000018727,44.00264020000759,2478.2199125000043,16.596767430358724,1743.61669921875,0
58,2026-10-01T14:34:40,2.5e-05,0.07038256885965219,24.02046184325486,0.9054280673519949,0.13537154170904267,3.610657,0.0908223528707965,21.880176072710015,0.893939636396558,0.14631347600998504,3.5970826,0.0699164392321967,-0.008106052848050015,0.01170005299820659,43.000487299999804,1.4511921999364858,1.2345100000093225,44.23591730000044,2522.4558298000047,16.55795189093132,1743.61669921875,0
59,2026-10-01T14:35:24,1.25e-05,0.06801637253734504,24.331731303354328,0.907717258742686,0.13278578414341038,3.6051362,0.0898448478304938,21.95729795734534,0.89571939291579,0.14465901473265017,3.5877335,0.06754702279406986,-0.008157261349051521,0.011860398973306914,42.83792910000193,1.4904112998774508,1.120954600002733,43.95964760000061,2566.4154774000053,16.62078478018602,1743.61669921875,0
60,2026-10-01T14:36:08,1.25e-05,0.06771180791298995,24.405240669679106,0.9073916847786206,0.133847937657592,3.6064196,0.08978762360436193,21.918499871586146,0.8969748093840781,0.14368935900457788,3.5795515,0.06723772968803898,-0.0080778540420775,0.011989272419321403,42.68814650000422,1.4593109999696026,1.2345579999964684,43.923763999991934,2610.3392413999973,16.679103179144345,1743.61669921875,0
61,2026-10-01T14:36:52,1.25e-05,0.06767100309220593,24.366409558928414,0.9082424185249243,0.13315974184301463,3.6093688,0.09008839278576079,21.843957965293626,0.896376603105095,0.14702558576056127,3.5792801,0.06723658635877491,-0.008143195075380584,0.011492928343542506,42.563394199998584,1.338755199991283,1.1146996000024956,43.678907399997115,2654.0181487999944,16.727989235407914,1743.61669921875,0
62,2026-10-01T14:37:36,1.25e-05,0.06751184131991997,24.425906192050892,0.9077950347675366,0.13260919701182441,3.6057773,0.09029515564776538,21.850798146108563,0.8961349859666289,0.14796119702331137,3.5854826,0.06706007716528485,-0.008096328274650353,0.011675120027882329,42.92204499999934,1.5569117999548325,1.1055057000048691,44.02836220001336,2698.0465110000077,16.588212420913564,1743.61669921875,0
63,2026-10-01T14:38:20,1.25e-05,0.06666544866695832,24.495252587822048,0.909210906269845,0.1317125651776121,3.6120882,0.09035585251417053,21.839805560165576,0.8959991784577959,0.1449219843142488,3.5749521,0.06622238356745645,-0.0084412103215379,0.01134154794926054,43.34708320000209,1.54044109993265,1.1039785000029951,44.452124799994635,2742.4986358000024,16.425557325618755,1743.61669921875,0
64,2026-10-01T14:39:05,1.25e-05,0.06687491964758112,24.499878444028706,0.908439448710238,0.13128287546085507,3.6033864,0.08948706165793237,21.895373869478032,0.8965319073602055,0.14576690635654363,3.5904727,0.06642715498972475,-0.0077263545231851805,0.0114843226299527,43.039497200006736,1.5247302000061609,1.2264645999966888,44.26683249999769,2786.7654683,16.542944186622343,1743.61669921875,0
65,2026-10-01T14:39:49,6.25e-06,0.06575682123055619,24.60675989643911,0.9101855279354567,0.13039591079682447,3.6119323,0.08903859371549627,21.96940454204431,0.8977360765585739,0.14439128012804503,3.5790365,0.0653230691475145,-0.007505398986630895,0.01112106442451477,42.97592069998791,1.3391254999733064,1.1856244999944465,44.16239620000124,2830.9278645000013,16.56741701871672,1743.61669921875,0
66,2026-10-01T14:40:33,6.25e-06,0.0661101739728049,24.567125341865452,0.9100304386588964,0.13006066103999533,3.609783,0.08978031851937261,21.85570356819067,0.8966305925605003,0.144581079650461,3.5788667,0.06565750959549058,-0.007452092638364836,0.011636324394285009,42.87502370000584,1.5684918000770267,1.10250459999952,43.9783494000003,2874.9062139000016,16.60640481464977,1743.61669921875,0
67,2026-10-01T14:41:17,6.25e-06,0.06566540968049778,24.641695494062446,0.9098845934599973,0.12995762151948523,3.6046114,0.08916559656349461,21.96803832322024,0.8960809841584624,0.14337938379370765,3.5945656,0.06523510407698288,-0.007966260501612605,0.011249558058347596,42.61555779998889,1.4388678999093827,1.2172050999943167,43.83356210000056,2918.739776000002,16.70751332979585,1743.61669921875,0
68,2026-10-01T14:42:01,6.25e-06,0.06453175905547785,24.805614942914985,0.9107999962367369,0.12905553493941768,3.6058295,0.08971216487750579,21.91369581758306,0.8965750316555581,0.14642691469929192,3.5752823,0.06409550378664156,-0.00778260861335092,0.011103761957937412,43.22205810000014,1.7203040000022156,1.1274227000103565,44.35026469999866,2963.090040700001,16.473070263167262,1743.61669921875,0
69,2026-10-01T14:42:45,6.25e-06,0.06506699164596837,24.732308869951225,0.9103910340352005,0.12966381155707862,3.6089883,0.08953205429101257,21.951696117272537,0.8958344178253346,0.1450327385342523,3.5925474,0.06464535286754705,-0.008589419440805829,0.011277651937490099,42.96035429999756,1.4210413000546396,1.1059566000039922,44.06709479998972,3007.1571354999905,16.573420112599965,1743.61669921875,0
70,2026-10-01T14:43:29,6.25e-06,0.06512414818901695,24.761096161403014,0.9102253485261724,0.13089634637149533,3.6076355,0.08968072581324685,21.901213999544638,0.896711046776075,0.14520530318945982,3.5843568,0.06472309381606874,-0.007416956003734402,0.011312105598744382,42.93610110000009,1.4984722999797668,1.2178107000072487,44.15475819999119,3051.3118936999817,16.58278189586242,1743.61669921875,0
71,2026-10-01T14:44:13,3.125e-06,0.0650087349702803,24.781388764970757,0.9101063374722942,0.1302037498589312,3.6098971,0.08961543532904614,21.917704400051846,0.8962382238902403,0.14401701226663055,3.5967057,0.06462531047088377,-0.007424398317535439,0.011152570376570305,42.80578579999565,1.391174900069018,1.1130486000038218,43.91968489999999,3095.2315785999817,16.633265496555197,1743.61669921875,0
72,2026-10-01T14:44:57,3.125e-06,0.06407506830906601,24.8533975836936,0.911825314666448,0.12843147439233374,3.6085386,0.08979888134792949,21.886492997073056,0.896525331427542,0.14478747605272893,3.5847862,0.06369987452465496,-0.007715592673571592,0.011174919020928693,43.18388520000735,1.4347815000073751,1.105662799993297,44.290355599994655,3139.5219341999764,16.487631826139598,1743.61669921875,0
73,2026-10-01T14:45:42,3.125e-06,0.06553117625331611,24.64311578300562,0.9104005587234926,0.1300452702333418,3.6050718,0.08929059729817208,21.944381713867188,0.8972368615396907,0.14354432960239688,3.5861151,0.0651380695151479,-0.00870840538429159,0.011712339068396707,43.274559299999964,1.6271284000831656,1.1126173000084236,44.38824879999447,3183.910182999971,16.45308494221917,1743.61669921875,0
74,2026-10-01T14:46:26,3.125e-06,0.06446218708257996,24.83342024985324,0.9111437422505925,0.12791005287612423,3.6095972,0.08995604741104533,21.87166702613402,0.8965006698383374,0.14511543328172705,3.5903866,0.06405697499265832,-0.008368964955796686,0.011683819124872765,42.568467899996904,1.3956842999759829,1.1142049000045517,43.68384520000836,3227.594028199979,16.725995440396193,1743.61669921875,0
75,2026-10-01T14:47:09,3.125e-06,0.06468701450509971,24.784027121040257,0.9103673066985741,0.1296534098768502,3.6062355,0.08960804242766306,21.917190680343115,0.8964623882529441,0.14373174117187434,3.581137,0.06430032702811649,-0.007993413811664652,0.011536339862962788,42.523135399998864,1.3195726001140429,1.1044696000026306,43.628401899986784,3271.222430099966,16.74382646769784,1743.61669921875,0
76,2026-10-01T14:47:53,3.125e-06,0.06410886937480294,24.849874217858474,0.9110484357630269,0.13013895375005316,3.6045759,0.08940258689141006,21.93266890022192,0.8968300839488426,0.14436615400769737,3.5836039,0.063730668192834,-0.00808406154771618,0.01142481727044234,42.34351669999887,1.3354090000793803,1.109938499997952,43.45425320000504,3314.676683299971,16.814852791856538,1743.61669921875,0
77,2026-10-01T14:48:36,1.5625e-06,0.06341112777590752,24.970823052224148,0.9115391152628353,0.12759813264514622,3.6110988,0.08961861655953225,21.9026705709736,0.8968807981255349,0.14558014265272054,3.5789895,0.06305846320779136,-0.007805269865549348,0.011308857271175705,42.32998530000623,1.3291250000329455,1.1061466999963159,43.43702040000062,3358.1137036999717,16.820227905911775,1743.61669921875,0
